ROI_id,ROI_parent,ROI_name,ROI_accronym,Structure_order,ROI_Volume_mm_3,cell_counted,cell_density
997,0,root,root,0,408.77732,8700305,21283.7272870227
8,997,Basic cell groups and regions,grey,1,370.504688,7378163,19913.8182024839
567,8,Cerebrum,CH,2,232.29332,2885834,12423.232833385
688,567,Cerebral cortex,CTX,3,193.544736,1989774,10280.6929349915
695,688,Cortical plate,CTXpl,4,186.320464,1902671,10211.8197816425
315,695,Isocortex,Isocortex,5,112.98188,1134152,10038.3530527196
184,315,Frontal pole cerebral cortex,FRP,6,1.051728,5565,5291.29204509151
68,184,Frontal pole layer 1,FRP1,7,0.314784,470,1493.08732337095
667,184,Frontal pole layer 2/3,FRP2/3,8,0.26988,73,270.490588409664
20040,184,Frontal pole layer 5,FRP5,9,0.376296,2700,7175.20250015945
20039,184,Frontal pole layer 6a,FRP6a,10,0.090768,2322,25581.7028027499
20038,184,Frontal pole layer 6b,FRP6b,11,0,0,NaN
500,315,Somatomotor areas,MO,12,23.029792,248868,10806.3503135417
107,500,Somatomotor areas Layer 1,MO1,13,0,0,NaN
219,500,Somatomotor areas Layer 2/3,MO2/3,14,0,0,NaN
299,500,Somatomotor areas Layer 5,MO5,15,0,0,NaN
644,500,Somatomotor areas Layer 6a,MO6a,16,0,0,NaN
947,500,Somatomotor areas Layer 6b,MO6b,17,0,0,NaN
985,500,Primary motor area,MOp,18,11.056104,134175,12135.8301260553
320,985,Primary motor area Layer 1,MOp1,19,1.848768,1028,556.045972236646
943,985,Primary motor area Layer 2/3,MOp2/3,20,2.888848,14432,4995.76301695347
648,985,Primary motor area Layer 5,MOp5,21,2.665144,25703,9644.13179925737
844,985,Primary motor area Layer 6a,MOp6a,22,3.608704,91312,25303.2667683468
882,985,Primary motor area Layer 6b,MOp6b,23,0.04464,1700,38082.4372759857
993,500,Secondary motor area,MOs,24,11.973688,114693,9578.75301243861
656,993,Secondary motor area layer 1,MOs1,25,3.0154,1197,396.962260396631
962,993,Secondary motor area layer 2/3,MOs2/3,26,3.041,7720,2538.6386057218
767,993,Secondary motor area layer 5,MOs5,27,3.677632,36118,9820.99350886658
1021,993,Secondary motor area layer 6a,MOs6a,28,2.239608,69658,31102.7644123436
1085,993,Secondary motor area layer 6b,MOs6b,29,4.8e-05,0,0
453,315,Somatosensory areas,SS,30,27.279304,369845,13557.7139358101
12993,453,Somatosensory areas layer 1,SS1,31,0,0,NaN
12994,453,Somatosensory areas layer 2/3,SS2/3,32,0,0,NaN
12995,453,Somatosensory areas layer 4,SS4,33,0,0,NaN
12996,453,Somatosensory areas layer 5,SS5,34,0,0,NaN
12997,453,Somatosensory areas layer 6a,SS6a,35,0,0,NaN
12998,453,Somatosensory areas layer 6b,SS6b,36,0,0,NaN
322,453,Primary somatosensory area,SSp,37,19.975648,295617,14798.8691030198
793,322,Primary somatosensory area layer 1,SSp1,38,0,0,NaN
346,322,Primary somatosensory area layer 2/3,SSp2/3,39,0,0,NaN
865,322,Primary somatosensory area layer 4,SSp4,40,0,0,NaN
921,322,Primary somatosensory area layer 5,SSp5,41,0,0,NaN
686,322,Primary somatosensory area layer 6a,SSp6a,42,0,0,NaN
719,322,Primary somatosensory area layer 6b,SSp6b,43,0,0,NaN
353,322,Primary somatosensory area nose,SSp-n,44,2.364072,36513,15444.9610671756
558,353,Primary somatosensory area nose layer 1,SSp-n1,45,0.647384,527,814.045450613546
838,353,Primary somatosensory area nose layer 2/3,SSp-n2/3,46,0.399352,2847,7129.04905947635
654,353,Primary somatosensory area nose layer 4,SSp-n4,47,0.113208,1406,12419.6169881987
702,353,Primary somatosensory area nose layer 5,SSp-n5,48,0.12964,2134,16460.9688367788
889,353,Primary somatosensory area nose layer 6a,SSp-n6a,49,1.0584,28654,27072.940287226
929,353,Primary somatosensory area nose layer 6b,SSp-n6b,50,0.016088,945,58739.4331178518
329,322,Primary somatosensory area barrel field,SSp-bfd,51,4.884888,66355,13583.7300670967
981,329,Primary somatosensory area barrel field layer 1,SSp-bfd1,52,1.083088,591,545.662033001935
201,329,Primary somatosensory area barrel field layer 2/3,SSp-bfd2/3,53,1.043536,5808,5565.69203170758
1047,329,Primary somatosensory area barrel field layer 4,SSp-bfd4,54,0.44072,5037,11429.0252314395
1070,329,Primary somatosensory area barrel field layer 5,SSp-bfd5,55,0.394208,5587,14172.7210000812
1038,329,Primary somatosensory area barrel field layer 6a,SSp-bfd6a,56,1.834616,44716,24373.4928726229
1062,329,Primary somatosensory area barrel field layer 6b,SSp-bfd6b,57,0.08872,4616,52028.8548241659
20093,329,Rostrolateral lateral visual area,VISrll,58,0,0,NaN
20092,20093,Rostrolateral lateral visual area layer 1,VISrll1,59,0,0,NaN
20091,20093,Rostrolateral lateral visual area layer 2/3,VISrll2/3,60,0,0,NaN
20090,20093,Rostrolateral lateral visual area layer 4,VISrll4,61,0,0,NaN
20089,20093,Rostrolateral lateral visual arealayer 5,VISrll5,62,0,0,NaN
20088,20093,Rostrolateral lateral visual area layer 6a,VISrll6a,63,0,0,NaN
20087,20093,Rostrolateral lateral visual area layer 6b,VISrll6b,64,0,0,NaN
337,322,Primary somatosensory area lower limb,SSp-ll,65,1.750792,30808,17596.6077066836
1030,337,Primary somatosensory area lower limb layer 1,SSp-ll1,66,0.331208,254,766.889688654863
113,337,Primary somatosensory area lower limb layer 2/3,SSp-ll2/3,67,0.370776,1552,4185.81569465122
1094,337,Primary somatosensory area lower limb layer 4,SSp-ll4,68,0.126912,1388,10936.7120524458
1128,337,Primary somatosensory area lower limb layer 5,SSp-ll5,69,0.334616,4914,14685.4902335812
478,337,Primary somatosensory area lower limb layer 6a,SSp-ll6a,70,0.586536,22646,38609.7358047929
510,337,Primary somatosensory area lower limb layer 6b,SSp-ll6b,71,0.000744,54,72580.6451612903
345,322,Primary somatosensory area mouth,SSp-m,72,5.482728,80588,14698.522341433
878,345,Primary somatosensory area mouth layer 1,SSp-m1,73,1.21456,802,660.321433276248
657,345,Primary somatosensory area mouth layer 2/3,SSp-m2/3,74,1.172856,7904,6739.10522689913
950,345,Primary somatosensory area mouth layer 4,SSp-m4,75,0.371368,5482,14761.6380517438
974,345,Primary somatosensory area mouth layer 5,SSp-m5,76,0.63524,11083,17446.9491845602
1102,345,Primary somatosensory area mouth layer 6a,SSp-m6a,77,1.997272,50318,25193.3637481525
2,345,Primary somatosensory area mouth layer 6b,SSp-m6b,78,0.091432,4999,54674.5122057923
369,322,Primary somatosensory area upper limb,SSp-ul,79,3.223576,49414,15328.9390416109
450,369,Primary somatosensory area upper limb layer 1,SSp-ul1,80,0.594224,334,562.077600366192
854,369,Primary somatosensory area upper limb layer 2/3,SSp-ul2/3,81,0.766664,4326,5642.62832218547
577,369,Primary somatosensory area upper limb layer 4,SSp-ul4,82,0.230408,2982,12942.258949342
625,369,Primary somatosensory area upper limb layer 5,SSp-ul5,83,0.305928,4681,15300.9858528804
945,369,Primary somatosensory area upper limb layer 6a,SSp-ul6a,84,1.326208,37075,27955.6449667021
1026,369,Primary somatosensory area upper limb layer 6b,SSp-ul6b,85,0.000144,16,111111.111111111
361,322,Primary somatosensory area trunk,SSp-tr,86,1.249896,17424,13940.3598379385
1006,361,Primary somatosensory area trunk layer 1,SSp-tr1,87,0.251352,108,429.676310512747
670,361,Primary somatosensory area trunk layer 2/3,SSp-tr2/3,88,0.295048,890,3016.45833898213
1086,361,Primary somatosensory area trunk layer 4,SSp-tr4,89,0.108176,905,8365.99615441503
1111,361,Primary somatosensory area trunk layer 5,SSp-tr5,90,0.284976,3423,12011.5378137106
9,361,Primary somatosensory area trunk layer 6a,SSp-tr6a,91,0.301688,11537,38241.4945241441
461,361,Primary somatosensory area trunk layer 6b,SSp-tr6b,92,0.008656,561,64810.5360443623
20128,322,Primary somatosensory area unassigned,SSp-un,93,1.019696,14515,14234.6346362053
20127,20128,Primary somatosensory area unassigned layer 1,SSp-un1,94,0.2304,80,347.222222222222
20126,20128,Primary somatosensory area unassigned layer 2/3,SSp-un2/3,95,0.232752,1605,6895.75170138173
20125,20128,Primary somatosensory area unassigned layer 4,SSp-un4,96,0.059776,737,12329.3629550321
20124,20128,Primary somatosensory area unassigned layer 5,SSp-un5,97,0.063768,882,13831.3887843432
20123,20128,Primary somatosensory area unassigned layer 6a,SSp-un6a,98,0.4306,10989,25520.2043660009
20122,20128,Primary somatosensory area unassigned layer 6b,SSp-un6b,99,0.0024,222,92500
378,453,Supplemental somatosensory area,SSs,100,7.303656,74228,10163.1292601952
873,378,Supplemental somatosensory area layer 1,SSs1,101,1.383656,164,118.526570187966
806,378,Supplemental somatosensory area layer 2/3,SSs2/3,102,1.548648,4462,2881.22284728357
1035,378,Supplemental somatosensory area layer 4,SSs4,103,0.453736,3123,6882.85699173088
1090,378,Supplemental somatosensory area layer 5,SSs5,104,1.153264,11672,10120.8396342902
862,378,Supplemental somatosensory area layer 6a,SSs6a,105,2.487544,45765,18397.664523723
893,378,Supplemental somatosensory area layer 6b,SSs6b,106,0.276808,9042,32665.2408889916
1057,315,Gustatory areas,GU,107,1.818728,13360,7345.79332368557
36,1057,Gustatory areas layer 1,GU1,108,0.212048,1,4.71591337810307
180,1057,Gustatory areas layer 2/3,GU2/3,109,0.39268,287,730.875012733014
148,1057,Gustatory areas layer 4,GU4,110,0.164728,555,3369.19042300034
187,1057,Gustatory areas layer 5,GU5,111,0.664,4485,6754.51807228916
638,1057,Gustatory areas layer 6a,GU6a,112,0.36056,7181,19916.2414022631
662,1057,Gustatory areas layer 6b,GU6b,113,0.024712,851,34436.7109096795
677,315,Visceral area,VISC,114,1.74884,14235,8139.68116008326
897,677,Visceral area layer 1,VISC1,115,0.249512,0,0
1106,677,Visceral area layer 2/3,VISC2/3,116,0.236024,59,249.974578856387
1010,677,Visceral area layer 4,VISC4,117,0.083856,140,1669.52871589391
1058,677,Visceral area layer 5,VISC5,118,0.517848,2142,4136.34889002178
857,677,Visceral area layer 6a,VISC6a,119,0.621768,10513,16908.2358693275
849,677,Visceral area layer 6b,VISC6b,120,0.039832,1381,34670.6165896766
247,315,Auditory areas,AUD,121,5.11544,37071,7246.88394351219
1011,247,Dorsal auditory area,AUDd,122,1.3736,9423,6860.0757134537
527,1011,Dorsal auditory area layer 1,AUDd1,123,0.255176,6,23.5131830579678
600,1011,Dorsal auditory area layer 2/3,AUDd2/3,124,0.273056,431,1578.43079807805
678,1011,Dorsal auditory area layer 4,AUDd4,125,0.101856,575,5645.2246308514
252,1011,Dorsal auditory area layer 5,AUDd5,126,0.277616,1978,7124.94957062994
156,1011,Dorsal auditory area layer 6a,AUDd6a,127,0.37976,4331,11404.5713081947
243,1011,Dorsal auditory area layer 6b,AUDd6b,128,0.086136,2102,24403.2692486301
20086,1011,Laterolateral anterior visual area,VISlla,129,0,0,NaN
20085,20086,Laterolateral anterior visual area layer 1,VISlla1,130,0,0,NaN
20084,20086,Laterolateral anterior visual area layer 2/3,VISlla2/3,131,0,0,NaN
20083,20086,Laterolateral anterior visual area layer 4,VISlla4,132,0,0,NaN
20082,20086,Laterolateral anterior visual arealayer 5,VISlla5,133,0,0,NaN
20081,20086,Laterolateral anterior visual area layer 6a,VISlla6a,134,0,0,NaN
20080,20086,Laterolateral anterior visual area layer 6b,VISlla6b,135,0,0,NaN
1002,247,Primary auditory area,AUDp,136,1.705832,15597,9143.33885165714
735,1002,Primary auditory area layer 1,AUDp1,137,0.357792,10,27.9491995349253
251,1002,Primary auditory area layer 2/3,AUDp2/3,138,0.278176,472,1696.7675140918
816,1002,Primary auditory area layer 4,AUDp4,139,0.103176,584,5660.23106148717
847,1002,Primary auditory area layer 5,AUDp5,140,0.450376,4228,9387.71160097341
954,1002,Primary auditory area layer 6a,AUDp6a,141,0.43364,7164,16520.6161793193
1005,1002,Primary auditory area layer 6b,AUDp6b,142,0.082672,3139,37969.3245597058
1027,247,Posterior auditory area,AUDpo,143,0.539152,3786,7022.13846929994
696,1027,Posterior auditory area layer 1,AUDpo1,144,0.10068,0,0
643,1027,Posterior auditory area layer 2/3,AUDpo2/3,145,0.070632,47,665.420772454412
759,1027,Posterior auditory area layer 4,AUDpo4,146,0.038584,112,2902.75761973875
791,1027,Posterior auditory area layer 5,AUDpo5,147,0.15536,938,6037.59011328527
249,1027,Posterior auditory area layer 6a,AUDpo6a,148,0.13204,1435,10867.9188124811
456,1027,Posterior auditory area layer 6b,AUDpo6b,149,0.041856,1254,29959.8623853211
1018,247,Ventral auditory area,AUDv,150,1.496856,8265,5521.5732174638
959,1018,Ventral auditory area layer 1,AUDv1,151,0.242272,4,16.5103685114252
755,1018,Ventral auditory area layer 2/3,AUDv2/3,152,0.22364,39,174.387408334824
990,1018,Ventral auditory area layer 4,AUDv4,153,0.114432,167,1459.38199105145
1023,1018,Ventral auditory area layer 5,AUDv5,154,0.484224,2392,4939.86254295533
520,1018,Ventral auditory area layer 6a,AUDv6a,155,0.35404,3878,10953.5645689753
598,1018,Ventral auditory area layer 6b,AUDv6b,156,0.078248,1785,22812.0846539209
669,315,Visual areas,VIS,157,12.413216,79115,6373.44907234354
801,669,Visual areas layer 1,VIS1,158,0,0,NaN
561,669,Visual areas layer 2/3,VIS2/3,159,0,0,NaN
913,669,Visual areas layer 4,VIS4,160,0,0,NaN
937,669,Visual areas layer 5,VIS5,161,0,0,NaN
457,669,Visual areas layer 6a,VIS6a,162,0,0,NaN
497,669,Visual areas layer 6b,VIS6b,163,0,0,NaN
402,669,Anterolateral visual area,VISal,164,0.831224,7831,9421.04655303504
1074,402,Anterolateral visual area layer 1,VISal1,165,0.102152,4,39.1573341686898
905,402,Anterolateral visual area layer 2/3,VISal2/3,166,0.118368,54,456.204379562044
1114,402,Anterolateral visual area layer 4,VISal4,167,0.079824,145,1816.49629184205
233,402,Anterolateral visual area layer 5,VISal5,168,0.268384,1691,6300.67366161917
601,402,Anterolateral visual area layer 6a,VISal6a,169,0.22484,3900,17345.6680305995
649,402,Anterolateral visual area layer 6b,VISal6b,170,0.037656,2037,54094.9649458254
394,669,Anteromedial visual area,VISam,171,0.79984,5900,7376.47529505901
281,394,Anteromedial visual area layer 1,VISam1,172,0.230544,71,307.967242695537
1066,394,Anteromedial visual area layer 2/3,VISam2/3,173,0.117864,66,559.967420077377
401,394,Anteromedial visual area layer 4,VISam4,174,0.034912,58,1661.31989000917
433,394,Anteromedial visual area layer 5,VISam5,175,0.233656,1076,4605.06043071866
1046,394,Anteromedial visual area layer 6a,VISam6a,176,0.172832,4029,23311.655249028
441,394,Anteromedial visual area layer 6b,VISam6b,177,0.010032,600,59808.6124401914
409,669,Lateral visual area,VISl,178,1.052504,8069,7666.47917727629
421,409,Lateral visual area layer 1,VISl1,179,0.161456,4,24.7745515806164
973,409,Lateral visual area layer 2/3,VISl2/3,180,0.154408,34,220.195844774882
573,409,Lateral visual area layer 4,VISl4,181,0.108928,219,2010.50235017626
613,409,Lateral visual area layer 5,VISl5,182,0.356552,2770,7768.85279005587
74,409,Lateral visual area layer 6a,VISl6a,183,0.237104,3832,16161.6843241784
121,409,Lateral visual area layer 6b,VISl6b,184,0.034056,1210,35529.7157622739
385,669,Primary visual area,VISp,185,5.967808,39983,6699.77988567997
593,385,Primary visual area layer 1,VISp1,186,1.132552,573,505.937034237722
821,385,Primary visual area layer 2/3,VISp2/3,187,1.278312,1096,857.380670759564
721,385,Primary visual area layer 4,VISp4,188,0.717104,2655,3702.39184274526
778,385,Primary visual area layer 5,VISp5,189,1.388,11389,8205.33141210375
33,385,Primary visual area layer 6a,VISp6a,190,1.353216,20942,15475.7259742717
305,385,Primary visual area layer 6b,VISp6b,191,0.098624,3328,33744.3218689163
425,669,Posterolateral visual area,VISpl,192,1.124632,4950,4401.43975985033
750,425,Posterolateral visual area layer 1,VISpl1,193,0.26424,132,499.545867393279
269,425,Posterolateral visual area layer 2/3,VISpl2/3,194,0.213872,325,1519.60050871549
869,425,Posterolateral visual area layer 4,VISpl4,195,0.019968,19,951.522435897436
902,425,Posterolateral visual area layer 5,VISpl5,196,0.395984,1802,4550.68891672391
377,425,Posterolateral visual area layer 6a,VISpl6a,197,0.215488,2390,11091.1048411048
393,425,Posterolateral visual area layer 6b,VISpl6b,198,0.01508,282,18700.2652519894
533,669,posteromedial visual area,VISpm,199,0.856168,4313,5037.56272133506
805,533,posteromedial visual area layer 1,VISpm1,200,0.252104,75,297.496271380065
41,533,posteromedial visual area layer 2/3,VISpm2/3,201,0.158616,89,561.103545670046
501,533,posteromedial visual area layer 4,VISpm4,202,0.044616,99,2218.9349112426
565,533,posteromedial visual area layer 5,VISpm5,203,0.211232,1010,4781.47250416604
257,533,posteromedial visual area layer 6a,VISpm6a,204,0.171704,2338,13616.4562269953
469,533,posteromedial visual area layer 6b,VISpm6b,205,0.017896,702,39226.6428252123
20113,669,Laterointermediate area,VISli,206,0.50292,3000,5965.16344547841
20112,20113,Laterointermediate area layer 1,VISli1,207,0.070992,1,14.0860942077981
20111,20113,Laterointermediate area layer 2/3,VISli2/3,208,0.056872,7,123.083415388944
20110,20113,Laterointermediate area layer 4,VISli4,209,0.031984,7,218.859429714857
20109,20113,Laterointermediate area layer 5,VISli5,210,0.209832,625,2978.57333485836
20108,20113,Laterointermediate area layer 6a,VISli6a,211,0.112208,1518,13528.4471695423
20107,20113,Laterointermediate area layer 6b,VISli6b,212,0.021032,842,40034.2335488779
20100,669,Postrhinal area,VISpor,213,1.27812,5069,3965.98128501236
20099,20100,Postrhinal area layer 1,VISpor1,214,0.293688,10,34.0497398599875
20098,20100,Postrhinal area layer 2/3,VISpor2/3,215,0.265656,66,248.441593639895
20097,20100,Postrhinal area layer 4,VISpor4,216,0.027176,1,36.7971739770386
20096,20100,Postrhinal area layer 5,VISpor5,217,0.415248,706,1700.1888028359
20095,20100,Postrhinal area layer 6a,VISpor6a,218,0.23204,2538,10937.7693501121
20094,20100,Postrhinal area layer 6b,VISpor6b,219,0.044312,1748,39447.553710056
31,315,Anterior cingulate area,ACA,220,5.468208,61091,11172.0329585122
572,31,Anterior cingulate area layer 1,ACA1,221,0,0,NaN
1053,31,Anterior cingulate area layer 2/3,ACA2/3,222,0,0,NaN
739,31,Anterior cingulate area layer 5,ACA5,223,0,0,NaN
179,31,Anterior cingulate area layer 6a,ACA6a,224,0,0,NaN
227,31,Anterior cingulate area layer 6b,ACA6b,225,0,0,NaN
39,31,Anterior cingulate area dorsal part,ACAd,226,3.30372,34676,10496.0468804862
935,39,Anterior cingulate area dorsal part layer 1,ACAd1,227,0.745192,923,1238.60696303771
211,39,Anterior cingulate area dorsal part layer 2/3,ACAd2/3,228,0.5684,1147,2017.94510907811
1015,39,Anterior cingulate area dorsal part layer 5,ACAd5,229,1.27716,11149,8729.5248833349
919,39,Anterior cingulate area dorsal part layer 6a,ACAd6a,230,0.71288,21449,30087.8128156211
927,39,Anterior cingulate area dorsal part layer 6b,ACAd6b,231,8.8e-05,8,90909.0909090909
48,31,Anterior cingulate area ventral part,ACAv,232,2.164488,26415,12203.8098617317
588,48,Anterior cingulate area ventral part layer 1,ACAv1,233,0.384928,1033,2683.6187546762
296,48,Anterior cingulate area ventral part layer 2/3,ACAv2/3,234,0.422232,2851,6752.21205403664
772,48,Anterior cingulate area ventral part layer 5,ACAv5,235,1.018592,11505,11295.0032986711
810,48,Anterior cingulate area ventral part 6a,ACAv6a,236,0.320256,10013,31265.612509992
819,48,Anterior cingulate area ventral part 6b,ACAv6b,237,0.01848,1013,54816.0173160173
972,315,Prelimbic area,PL,238,1.905976,10123,5311.18964771854
171,972,Prelimbic area layer 1,PL1,239,0.473808,18,37.9900719278695
195,972,Prelimbic area layer 2,PL2,240,0,0,NaN
304,972,Prelimbic area layer 2/3,PL2/3,241,0.323272,8,24.7469623103764
363,972,Prelimbic area layer 5,PL5,242,0.66164,1286,1943.65515990569
84,972,Prelimbic area layer 6a,PL6a,243,0.444848,8700,19557.242024242
132,972,Prelimbic area layer 6b,PL6b,244,0.002408,111,46096.3455149502
44,315,Infralimbic area,ILA,245,0.966584,6563,6789.89099757496
707,44,Infralimbic area layer 1,ILA1,246,0.129424,32,247.249350970454
747,44,Infralimbic area layer 2,ILA2,247,0,0,NaN
556,44,Infralimbic area layer 2/3,ILA2/3,248,0.197976,33,166.686871135895
827,44,Infralimbic area layer 5,ILA5,249,0.399352,1427,3573.28872773894
1054,44,Infralimbic area layer 6a,ILA6a,250,0.23768,4953,20838.9431167957
1081,44,Infralimbic area layer 6b,ILA6b,251,0.002152,118,54832.7137546468
714,315,Orbital area,ORB,252,5.287808,40600,7678.03974728281
264,714,Orbital area layer 1,ORB1,253,0,0,NaN
492,714,Orbital area layer 2/3,ORB2/3,254,0,0,NaN
352,714,Orbital area layer 5,ORB5,255,0,0,NaN
476,714,Orbital area layer 6a,ORB6a,256,0,0,NaN
516,714,Orbital area layer 6b,ORB6b,257,0,0,NaN
723,714,Orbital area lateral part,ORBl,258,2.422544,24672,10184.3351452027
448,723,Orbital area lateral part layer 1,ORBl1,259,0.343304,799,2327.38331041875
412,723,Orbital area lateral part layer 2/3,ORBl2/3,260,0.516272,1085,2101.60535531658
630,723,Orbital area lateral part layer 5,ORBl5,261,1.111656,11316,10179.4080183078
440,723,Orbital area lateral part layer 6a,ORBl6a,262,0.42984,10577,24606.830448539
488,723,Orbital area lateral part layer 6b,ORBl6b,263,0.021472,895,41682.1907600596
731,714,Orbital area medial part,ORBm,264,1.339208,6485,4842.41432249509
484,731,Orbital area medial part layer 1,ORBm1,265,0.436144,268,614.475952896291
524,731,Orbital area medial part layer 2,ORBm2,266,0,0,NaN
582,731,Orbital area medial part layer 2/3,ORBm2/3,267,0.304424,163,535.437416235251
620,731,Orbital area medial part layer 5,ORBm5,268,0.382776,2068,5402.63757393358
910,731,Orbital area medial part layer 6a,ORBm6a,269,0.215864,3986,18465.3300226068
20037,731,Orbital area medial part layer 6b,ORBm6b,270,0,0,NaN
738,714,Orbital area ventral part,ORBv,271,0,0,NaN
746,714,Orbital area ventrolateral part,ORBvl,272,1.526056,9443,6187.84631756633
969,746,Orbital area ventrolateral part layer 1,ORBvl1,273,0.348728,407,1167.09871303709
288,746,Orbital area ventrolateral part layer 2/3,ORBvl2/3,274,0.375776,504,1341.22455931193
1125,746,Orbital area ventrolateral part layer 5,ORBvl5,275,0.576336,4018,6971.62766164182
608,746,Orbital area ventrolateral part layer 6a,ORBvl6a,276,0.225192,4513,20040.6764005826
680,746,Orbital area ventrolateral part layer 6b,ORBvl6b,277,2.4e-05,1,41666.6666666667
95,315,Agranular insular area,AI,278,6.877416,33247,4834.22843695946
104,95,Agranular insular area dorsal part,AId,279,2.9508,17336,5875.01694455741
996,104,Agranular insular area dorsal part layer 1,AId1,280,0.41092,20,48.6712742139589
328,104,Agranular insular area dorsal part layer 2/3,AId2/3,281,0.552616,49,88.6691662926879
1101,104,Agranular insular area dorsal part layer 5,AId5,282,1.188584,3740,3146.60133402435
783,104,Agranular insular area dorsal part layer 6a,AId6a,283,0.757632,12255,16175.399138368
831,104,Agranular insular area dorsal part layer 6b,AId6b,284,0.041048,1272,30988.1114792438
111,95,Agranular insular area posterior part,AIp,285,2.560104,9111,3558.83979713324
120,111,Agranular insular area posterior part layer 1,AIp1,286,0.649024,168,258.85021201065
163,111,Agranular insular area posterior part layer 2/3,AIp2/3,287,0.795544,1118,1405.32767515059
344,111,Agranular insular area posterior part layer 5,AIp5,288,0.738288,2892,3917.17053507574
314,111,Agranular insular area posterior part layer 6a,AIp6a,289,0.368024,4595,12485.5987652979
355,111,Agranular insular area posterior part layer 6b,AIp6b,290,0.009224,338,36643.5385949696
119,95,Agranular insular area ventral part,AIv,291,1.366512,6800,4976.17291322725
704,119,Agranular insular area ventral part layer 1,AIv1,292,0.284768,62,217.721092257557
694,119,Agranular insular area ventral part layer 2/3,AIv2/3,293,0.42972,538,1251.97803220702
800,119,Agranular insular area ventral part layer 5,AIv5,294,0.519184,4057,7814.18533699035
675,119,Agranular insular area ventral part layer 6a,AIv6a,295,0.132536,2140,16146.5564073157
699,119,Agranular insular area ventral part layer 6b,AIv6b,296,0.000304,3,9868.42105263158
254,315,Retrosplenial area,RSP,297,12.186944,159184,13061.8471702176
894,254,Retrosplenial area lateral agranular part,RSPagl,298,2.434896,17202,7064.77812604727
671,894,Retrosplenial area lateral agranular part layer 1,RSPagl1,299,0.638624,488,764.142907250589
965,894,Retrosplenial area lateral agranular part layer 2/3,RSPagl2/3,300,0.494064,700,1416.82049289161
774,894,Retrosplenial area lateral agranular part layer 5,RSPagl5,301,0.751944,3582,4763.65261242859
906,894,Retrosplenial area lateral agranular part layer 6a,RSPagl6a,302,0.54336,12106,22279.8881036514
279,894,Retrosplenial area lateral agranular part layer 6b,RSPagl6b,303,0.006904,326,47219.0034762456
20079,894,Mediomedial anterior visual area,VISmma,304,0,0,NaN
20078,20079,Mediomedial anterior visual area layer 1,VISmma1,305,0,0,NaN
20077,20079,Mediomedial anterior visual area layer 2/3,VISmma2/3,306,0,0,NaN
20076,20079,Mediomedial anterior visual area layer 4,VISmma4,307,0,0,NaN
20075,20079,Mediomedial anterior visual arealayer 5,VISmma5,308,0,0,NaN
20074,20079,Mediomedial anterior visual area layer 6a,VISmma6a,309,0,0,NaN
20073,20079,Mediomedial anterior visual area layer 6b,VISmma6b,310,0,0,NaN
20072,894,Mediomedial posterior visual area,VISmmp,311,0,0,NaN
20071,20072,Mediomedial posterior visual area layer 1,VISmmp1,312,0,0,NaN
20070,20072,Mediomedial posterior visual area layer 2/3,VISmmp2/3,313,0,0,NaN
20069,20072,Mediomedial posterior visual area layer 4,VISmmp4,314,0,0,NaN
20068,20072,Mediomedial posterior visual arealayer 5,VISmmp5,315,0,0,NaN
20067,20072,Mediomedial posterior visual area layer 6a,VISmmp6a,316,0,0,NaN
20066,20072,Mediomedial posterior visual area layer 6b,VISmmp6b,317,0,0,NaN
20065,894,Medial visual area,VISm,318,0,0,NaN
20064,20065,Medial visual area layer 1,VISm1,319,0,0,NaN
20063,20065,Medial visual area layer 2/3,VISm2/3,320,0,0,NaN
20062,20065,Medial visual area layer 4,VISm4,321,0,0,NaN
20061,20065,Medial visual arealayer 5,VISm5,322,0,0,NaN
20060,20065,Medial visual area layer 6a,VISm6a,323,0,0,NaN
20059,20065,Medial visual area layer 6b,VISm6b,324,0,0,NaN
879,254,Retrosplenial area dorsal part,RSPd,325,4.398296,48433,11011.7645560917
442,879,Retrosplenial area dorsal part layer 1,RSPd1,326,1.023848,2500,2441.76870004141
434,879,Retrosplenial area dorsal part layer 2/3,RSPd2/3,327,1.008248,4547,4509.803143671
545,879,Retrosplenial area dorsal part layer 4,RSPd4,328,0,0,NaN
610,879,Retrosplenial area dorsal part layer 5,RSPd5,329,1.33416,12713,9528.84211788691
274,879,Retrosplenial area dorsal part layer 6a,RSPd6a,330,1.026888,28460,27714.8043408824
330,879,Retrosplenial area dorsal part layer 6b,RSPd6b,331,0.005152,213,41343.1677018633
886,254,Retrosplenial area ventral part,RSPv,332,5.353752,93549,17473.5400519113
542,886,Retrosplenial area ventral part layer 1,RSPv1,333,0.985152,11201,11369.8190736049
606,886,Retrosplenial area ventral part layer 2,RSPv2,334,0,0,NaN
430,886,Retrosplenial area ventral part layer 2/3,RSPv2/3,335,1.093832,13830,12643.623518054
687,886,Retrosplenial area ventral part layer 5,RSPv5,336,2.479376,43001,17343.4767457618
590,886,Retrosplenial area ventral part layer 6a,RSPv6a,337,0.7904,25243,31936.9939271255
622,886,Retrosplenial area ventral part layer 6b,RSPv6b,338,0.004992,274,54887.8205128205
22,315,Posterior parietal association areas,PTLp,339,2.651704,28404,10711.6028033295
532,22,Posterior parietal association areas layer 1,PTLp1,340,0,0,NaN
241,22,Posterior parietal association areas layer 2/3,PTLp2/3,341,0,0,NaN
635,22,Posterior parietal association areas layer 4,PTLp4,342,0,0,NaN
683,22,Posterior parietal association areas layer 5,PTLp5,343,0,0,NaN
308,22,Posterior parietal association areas layer 6a,PTLp6a,344,0,0,NaN
340,22,Posterior parietal association areas layer 6b,PTLp6b,345,0,0,NaN
20120,22,Anterior area,VISa,346,1.553688,17076,10990.623600105
20119,20120,Anterior area layer 1,VISa1,347,0.339384,104,306.43754567098
20118,20120,Anterior area layer 2/3,VISa2/3,348,0.293752,494,1681.6906778507
20117,20120,Anterior area layer 4,VISa4,349,0.135632,714,5264.24442609414
20116,20120,Anterior area layer 5,VISa5,350,0.429512,3889,9054.46180781911
20115,20120,Anterior area layer 6a,VISa6a,351,0.33208,10546,31757.4078535293
20114,20120,Anterior area layer 6b,VISa6b,352,0.023328,1329,56970.1646090535
417,22,Rostrolateral visual area,VISrl,353,1.098016,11328,10316.7895549792
20106,417,Rostrolateral area layer 1,VISrl1,354,0.160424,40,249.33925098489
20105,417,Rostrolateral area layer 2/3,VISrl2/3,355,0.177944,188,1056.51216112934
20104,417,Rostrolateral area layer 4,VISrl4,356,0.106776,430,4027.12219974526
20103,417,Rostrolateral area layer 5,VISrl5,357,0.355224,3564,10033.1058712249
20102,417,Rostrolateral area layer 6a,VISrl6a,358,0.279616,5916,21157.5875486381
20101,417,Rostrolateral area layer 6b,VISrl6b,359,0.018032,1190,65993.7888198758
541,315,Temporal association areas,TEa,360,2.77328,15511,5593.01621185023
97,541,Temporal association areas layer 1,TEa1,361,0.574904,1,1.7394208424363
1127,541,Temporal association areas layer 2/3,TEa2/3,362,0.392512,52,132.480026088374
234,541,Temporal association areas layer 4,TEa4,363,0.136256,113,829.321277595115
289,541,Temporal association areas layer 5,TEa5,364,0.782504,2230,2849.82568779201
729,541,Temporal association areas layer 6a,TEa6a,365,0.730296,7177,9827.52199108307
786,541,Temporal association areas layer 6b,TEa6b,366,0.156808,5938,37867.9659201061
922,315,Perirhinal area,PERI,367,0.728712,1099,1508.14039016786
540,922,Perirhinal area layer 1,PERI1,368,0.316496,2,6.31919518730095
888,922,Perirhinal area layer 2/3,PERI2/3,369,0.216984,33,152.084946355492
692,922,Perirhinal area layer 5,PERI5,370,0.141184,201,1423.67407071623
335,922,Perirhinal area layer 6a,PERI6a,371,0.049312,536,10869.5652173913
368,922,Perirhinal area layer 6b,PERI6b,372,0.004736,327,69045.6081081081
895,315,Ectorhinal area,ECT,373,1.6782,10271,6120.2478846383
836,895,Ectorhinal area/Layer 1,ECT1,374,0.30512,0,0
427,895,Ectorhinal area/Layer 2/3,ECT2/3,375,0.270832,5,18.4616293495599
988,895,Ectorhinal area/Layer 5,ECT5,376,0.465544,690,1482.13702679016
977,895,Ectorhinal area/Layer 6a,ECT6a,377,0.575456,6948,12073.9031307346
1045,895,Ectorhinal area/Layer 6b,ECT6b,378,0.061248,2628,42907.5235109718
698,695,Olfactory areas,OLF,379,33.940992,330683,9742.87964240998
507,698,Main olfactory bulb,MOB,380,10.406216,101918,9793.95392138699
212,507,Main olfactory bulb glomerular layer,MOBgl,381,0,0,NaN
220,507,Main olfactory bulb granule layer,MOBgr,382,0,0,NaN
228,507,Main olfactory bulb inner plexiform layer,MOBipl,383,0,0,NaN
236,507,Main olfactory bulb mitral layer,MOBmi,384,0,0,NaN
244,507,Main olfactory bulb outer plexiform layer,MOBopl,385,0,0,NaN
151,698,Accessory olfactory bulb,AOB,386,0.351056,2867,8166.78820473087
188,151,Accessory olfactory bulb glomerular layer,AOBgl,387,0.127176,94,739.133169780462
196,151,Accessory olfactory bulb granular layer,AOBgr,388,0.075584,1152,15241.3209144793
204,151,Accessory olfactory bulb mitral layer,AOBmi,389,0.148296,1621,10930.8410206614
159,698,Anterior olfactory nucleus,AON,390,3.164128,46126,14577.7920488678
167,159,Anterior olfactory nucleus dorsal part,AONd,391,0,0,NaN
175,159,Anterior olfactory nucleus external part,AONe,392,0,0,NaN
183,159,Anterior olfactory nucleus lateral part,AONl,393,0,0,NaN
191,159,Anterior olfactory nucleus medial part,AONm,394,0,0,NaN
199,159,Anterior olfactory nucleus posteroventral part,AONpv,395,0,0,NaN
160,159,Anterior olfactory nucleus layer 1,AON1,396,0,0,NaN
168,159,Anterior olfactory nucleus layer 2,AON2,397,0,0,NaN
589,698,Taenia tecta,TT,398,1.280952,11419,8914.46361768435
597,589,Taenia tecta dorsal part,TTd,399,0.730832,6830,9345.51305908882
297,597,Taenia tecta dorsal part layers 1-4,TTd1-4,400,0,0,NaN
1034,597,Taenia tecta dorsal part layer 1,TTd1,401,0,0,NaN
1042,597,Taenia tecta dorsal part layer 2,TTd2,402,0,0,NaN
1050,597,Taenia tecta dorsal part layer 3,TTd3,403,0,0,NaN
1059,597,Taenia tecta dorsal part layer 4,TTd4,404,0,0,NaN
605,589,Taenia tecta ventral part,TTv,405,0.55012,4589,8341.81633098233
306,605,Taenia tecta ventral part layers 1-3,TTv1-3,406,0,0,NaN
1067,605,Taenia tecta ventral part layer 1,TTv1,407,0,0,NaN
1075,605,Taenia tecta ventral part layer 2,TTv2,408,0,0,NaN
1082,605,Taenia tecta ventral part layer 3,TTv3,409,0,0,NaN
814,698,Dorsal peduncular area,DP,410,0.590568,5937,10053.0336896005
496,814,Dorsal peduncular area layer 1,DP1,411,0,0,NaN
535,814,Dorsal peduncular area layer 2,DP2,412,0,0,NaN
360,814,Dorsal peduncular area layer 2/3,DP2/3,413,0,0,NaN
646,814,Dorsal peduncular area layer 5,DP5,414,0,0,NaN
267,814,Dorsal peduncular area layer 6a,DP6a,415,0,0,NaN
961,698,Piriform area,PIR,416,10.574576,97263,9197.81559090407
152,961,Piriform area layers 1-3,PIR1-3,417,0,0,NaN
276,961,Piriform area molecular layer,PIR1,418,0,0,NaN
284,961,Piriform area pyramidal layer,PIR2,419,0,0,NaN
291,961,Piriform area polymorph layer,PIR3,420,0,0,NaN
619,698,Nucleus of the lateral olfactory tract,NLOT,421,0.322608,4654,14426.1766602192
392,619,Nucleus of the lateral olfactory tract layers 1-3,NLOT1-3,422,0,0,NaN
260,619,Nucleus of the lateral olfactory tract molecular layer,NLOT1,423,0.11816,654,5534.86797562627
268,619,Nucleus of the lateral olfactory tract pyramidal layer,NLOT2,424,0.154152,2666,17294.6182988219
1139,619,Nucleus of the lateral olfactory tract layer 3,NLOT3,425,0.050296,1334,26522.9839351042
631,698,Cortical amygdalar area,COA,426,1.96556,4591,2335.72111764586
639,631,Cortical amygdalar area anterior part,COAa,427,0.592064,3426,5786.53659063885
192,639,Cortical amygdalar area anterior part layer 1,COAa1,428,0,0,NaN
200,639,Cortical amygdalar area anterior part layer 2,COAa2,429,0,0,NaN
208,639,Cortical amygdalar area anterior part layer 3,COAa3,430,0,0,NaN
647,631,Cortical amygdalar area posterior part,COAp,431,1.373496,1165,848.200504406274
655,647,Cortical amygdalar area posterior part lateral zone,COApl,432,0.47268,581,1229.16137767623
584,655,Cortical amygdalar area posterior part lateral zone layers 1-2,COApl1-2,433,0,0,NaN
376,655,Cortical amygdalar area posterior part lateral zone layers 1-3,COApl1-3,434,0,0,NaN
216,655,Cortical amygdalar area posterior part lateral zone layer 1,COApl1,435,0,0,NaN
224,655,Cortical amygdalar area posterior part lateral zone layer 2,COApl2,436,0,0,NaN
232,655,Cortical amygdalar area posterior part lateral zone layer 3,COApl3,437,0,0,NaN
663,647,Cortical amygdalar area posterior part medial zone,COApm,438,0.900816,584,648.301095895277
592,663,Cortical amygdalar area posterior part medial zone layers 1-2,COApm1-2,439,0,0,NaN
383,663,Cortical amygdalar area posterior part medial zone layers 1-3,COApm1-3,440,0,0,NaN
240,663,Cortical amygdalar area posterior part medial zone layer 1,COApm1,441,0,0,NaN
248,663,Cortical amygdalar area posterior part medial zone layer 2,COApm2,442,0,0,NaN
256,663,Cortical amygdalar area posterior part medial zone layer 3,COApm3,443,0,0,NaN
788,698,Piriform-amygdalar area,PAA,444,0.699128,2921,4178.06181414562
400,788,Piriform-amygdalar area layers 1-3,PAA1-3,445,0,0,NaN
408,788,Piriform-amygdalar area molecular layer,PAA1,446,0,0,NaN
416,788,Piriform-amygdalar area pyramidal layer,PAA2,447,0,0,NaN
424,788,Piriform-amygdalar area polymorph layer,PAA3,448,0,0,NaN
566,698,Postpiriform transition area,TR,449,0.76212,934,1225.52878811736
517,566,Postpiriform transition area layers 1-3,TR1-3,450,0,0,NaN
1140,566,Postpiriform transition area layers 1,TR1,451,0,0,NaN
1141,566,Postpiriform transition area layers 2,TR2,452,0,0,NaN
1142,566,Postpiriform transition area layers 3,TR3,453,0,0,NaN
1089,695,Hippocampal formation,HPF,454,39.397592,437836,11113.2680393259
1080,1089,Hippocampal region,HIP,455,16.910432,172915,10225.3449231811
375,1080,Ammon's horn,CA,456,13.054576,144129,11040.4964512061
382,375,Field CA1,CA1,457,7.449192,64934,8716.91855975789
391,382,Field CA1 stratum lacunosum-moleculare,CA1slm,458,0,0,NaN
399,382,Field CA1 stratum oriens,CA1so,459,0,0,NaN
407,382,Field CA1 pyramidal layer,CA1sp,460,0,0,NaN
415,382,Field CA1 stratum radiatum,CA1sr,461,0,0,NaN
423,375,Field CA2,CA2,462,0.283456,3066,10816.4935651389
431,423,Field CA2 stratum lacunosum-moleculare,CA2slm,463,0,0,NaN
438,423,Field CA2 stratum oriens,CA2so,464,0,0,NaN
446,423,Field CA2 pyramidal layer,CA2sp,465,0,0,NaN
454,423,Field CA2 stratum radiatum,CA2sr,466,0,0,NaN
463,375,Field CA3,CA3,467,5.321928,76129,14304.7782683268
471,463,Field CA3 stratum lacunosum-moleculare,CA3slm,468,0,0,NaN
479,463,Field CA3 stratum lucidum,CA3slu,469,0,0,NaN
486,463,Field CA3 stratum oriens,CA3so,470,0,0,NaN
495,463,Field CA3 pyramidal layer,CA3sp,471,0,0,NaN
504,463,Field CA3 stratum radiatum,CA3sr,472,0,0,NaN
726,1080,Dentate gyrus,DG,473,3.720928,26030,6995.56669734002
10703,726,Dentate gyrus molecular layer,DG-mo,474,2.723408,21158,7768.94244270414
10704,726,Dentate gyrus polymorph layer,DG-po,475,0.277296,1197,4316.68686169292
632,726,Dentate gyrus granule cell layer,DG-sg,476,0.720224,3675,5102.57919758297
10702,726,Dentate gyrus subgranular zone,DG-sgz,477,0,0,NaN
734,726,Dentate gyrus crest,DGcr,478,0,0,NaN
742,734,Dentate gyrus crest molecular layer,DGcr-mo,479,0,0,NaN
751,734,Dentate gyrus crest polymorph layer,DGcr-po,480,0,0,NaN
758,734,Dentate gyrus crest granule cell layer,DGcr-sg,481,0,0,NaN
766,726,Dentate gyrus lateral blade,DGlb,482,0,0,NaN
775,766,Dentate gyrus lateral blade molecular layer,DGlb-mo,483,0,0,NaN
782,766,Dentate gyrus lateral blade polymorph layer,DGlb-po,484,0,0,NaN
790,766,Dentate gyrus lateral blade granule cell layer,DGlb-sg,485,0,0,NaN
799,726,Dentate gyrus medial blade,DGmb,486,0,0,NaN
807,799,Dentate gyrus medial blade molecular layer,DGmb-mo,487,0,0,NaN
815,799,Dentate gyrus medial blade polymorph layer,DGmb-po,488,0,0,NaN
823,799,Dentate gyrus medial blade granule cell layer,DGmb-sg,489,0,0,NaN
982,1080,Fasciola cinerea,FC,490,0.052568,386,7342.87018718612
19,1080,Induseum griseum,IG,491,0.08236,2370,28776.1049052938
822,1089,Retrohippocampal region,RHP,492,22.060384,250260,11344.3174878552
909,822,Entorhinal area,ENT,493,13.64088,115829,8491.31434335615
918,909,Entorhinal area lateral part,ENTl,494,5.42316,36884,6801.20077593138
1121,918,Entorhinal area lateral part layer 1,ENTl1,495,1.322304,643,486.272445670587
20,918,Entorhinal area lateral part layer 2,ENTl2,496,0.905648,1745,1926.79716622794
999,918,Entorhinal area lateral part layer 2/3,ENTl2/3,497,0,0,NaN
715,918,Entorhinal area lateral part layer 2a,ENTl2a,498,0,0,NaN
764,918,Entorhinal area lateral part layer 2b,ENTl2b,499,0,0,NaN
52,918,Entorhinal area lateral part layer 3,ENTl3,500,0.598024,1865,3118.603935628
92,918,Entorhinal area lateral part layer 4,ENTl4,501,0,0,NaN
312,918,Entorhinal area lateral part layer 4/5,ENTl4/5,502,0,0,NaN
139,918,Entorhinal area lateral part layer 5,ENTl5,503,1.095296,5065,4624.3207315648
387,918,Entorhinal area lateral part layer 5/6,ENTl5/6,504,0,0,NaN
28,918,Entorhinal area lateral part layer 6a,ENTl6a,505,1.501888,27566,18354.2314739847
60,918,Entorhinal area lateral part layer 6b,ENTl6b,506,0,0,NaN
926,909,Entorhinal area medial part dorsal zone,ENTm,507,8.21772,78945,9606.6792248945
526,926,Entorhinal area medial part dorsal zone layer 1,ENTm1,508,2.68328,9495,3538.57964878805
543,926,Entorhinal area medial part dorsal zone layer 2,ENTm2,509,2.043936,12997,6358.80966918729
468,926,Entorhinal area medial part dorsal zone layer 2a,ENTm2a,510,0,0,NaN
508,926,Entorhinal area medial part dorsal zone layer 2b,ENTm2b,511,0,0,NaN
664,926,Entorhinal area medial part dorsal zone layer 3,ENTm3,512,1.30176,12663,9727.59955752212
712,926,Entorhinal area medial part dorsal zone layer 4,ENTm4,513,0,0,NaN
727,926,Entorhinal area medial part dorsal zone layer 5,ENTm5,514,1.394832,22717,16286.549204492
550,926,Entorhinal area medial part dorsal zone layer 5/6,ENTm5/6,515,0,0,NaN
743,926,Entorhinal area medial part dorsal zone layer 6,ENTm6,516,0.793912,21073,26543.2440875059
934,909,Entorhinal area medial part ventral zone,ENTmv,517,0,0,NaN
259,934,Entorhinal area medial part ventral zone layer 1,ENTmv1,518,0,0,NaN
324,934,Entorhinal area medial part ventral zone layer 2,ENTmv2,519,0,0,NaN
371,934,Entorhinal area medial part ventral zone layer 3,ENTmv3,520,0,0,NaN
419,934,Entorhinal area medial part ventral zone layer 4,ENTmv4,521,0,0,NaN
1133,934,Entorhinal area medial part ventral zone layer 5/6,ENTmv5/6,522,0,0,NaN
843,822,Parasubiculum,PAR,523,1.379104,9406,6820.37032740098
10693,843,Parasubiculum layer 1,PAR1,524,0,0,NaN
10694,843,Parasubiculum layer 2,PAR2,525,0,0,NaN
10695,843,Parasubiculum layer 3,PAR3,526,0,0,NaN
1037,822,Postsubiculum,POST,527,1.26712,37920,29926.1317002336
10696,1037,Postsubiculum layer 1,POST1,528,0,0,NaN
10697,1037,Postsubiculum layer 2,POST2,529,0,0,NaN
10698,1037,Postsubiculum layer 3,POST3,530,0,0,NaN
1084,822,Presubiculum,PRE,531,1.152952,9847,8540.68512826206
10699,1084,Presubiculum layer 1,PRE1,532,0,0,NaN
10700,1084,Presubiculum layer 2,PRE2,533,0,0,NaN
10701,1084,Presubiculum layer 3,PRE3,534,0,0,NaN
502,822,Subiculum,SUB,535,2.516448,55216,21942.0389374229
509,502,Subiculum dorsal part,SUBd,536,0,0,NaN
829,509,Subiculum dorsal part molecular layer,SUBd-m,537,0,0,NaN
845,509,Subiculum dorsal part pyramidal layer,SUBd-sp,538,0,0,NaN
837,509,Subiculum dorsal part stratum radiatum,SUBd-sr,539,0,0,NaN
518,502,Subiculum ventral part,SUBv,540,0,0,NaN
853,518,Subiculum ventral part molecular layer,SUBv-m,541,0,0,NaN
870,518,Subiculum ventral part pyramidal layer,SUBv-sp,542,0,0,NaN
861,518,Subiculum ventral part stratum radiatum,SUBv-sr,543,0,0,NaN
20058,822,Prosubiculum,ProS,544,1.102384,12119,10993.4469295636
20057,20058,Prosubiculum dorsal part,ProSd,545,0,0,NaN
20056,20057,Prosubiculum dorsal part molecular layer,ProSd-m,546,0,0,NaN
20055,20057,Prosubiculum dorsal part pyramidal layer,ProSd-sp,547,0,0,NaN
20054,20057,Prosubiculum dorsal part stratum radiatum,ProSd-sr,548,0,0,NaN
20053,20058,Prosubiculum ventral part,ProSv,549,0,0,NaN
20052,20053,Prosubiculum ventral part molecular layer,ProSv-m,550,0,0,NaN
20051,20053,Prosubiculum ventral part pyramidal layer,ProSv-sp,551,0,0,NaN
20050,20053,Prosubiculum ventral part stratum radiatum,Prosv-sr,552,0,0,NaN
20020,822,Hippocampo-amygdalar transition area,HATA,553,0.61896,6426,10381.9309810004
20049,822,Area prostriata,APr,554,0.382536,3497,9141.62327205806
703,688,Cortical subplate,CTXsp,555,7.224272,87103,12056.9934243893
16,703,Layer 6b isocortex,6b,556,0,0,NaN
583,703,Claustrum,CLA,557,0.491312,9360,19051.0307096102
942,703,Endopiriform nucleus,EP,558,2.6092,45903,17592.7487352445
952,942,Endopiriform nucleus dorsal part,EPd,559,1.744624,33752,19346.2889424885
966,942,Endopiriform nucleus ventral part,EPv,560,0.864576,12151,14054.2878821526
131,703,Lateral amygdalar nucleus,LA,561,0.600752,5494,9145.20467680507
295,703,Basolateral amygdalar nucleus,BLA,562,1.338744,13983,10444.8647388896
303,295,Basolateral amygdalar nucleus anterior part,BLAa,563,0.601624,8956,14886.3742137947
311,295,Basolateral amygdalar nucleus posterior part,BLAp,564,0.53684,3693,6879.14462409657
451,295,Basolateral amygdalar nucleus ventral part,BLAv,565,0.20028,1334,6660.67505492311
319,703,Basomedial amygdalar nucleus,BMA,566,0.923008,6657,7212.28851754264
327,319,Basomedial amygdalar nucleus anterior part,BMAa,567,0.40744,4891,12004.2214804634
334,319,Basomedial amygdalar nucleus posterior part,BMAp,568,0.515568,1766,3425.34835366043
780,703,Posterior amygdalar nucleus,PA,569,1.029184,1842,1789.76742739879
623,567,Cerebral nuclei,CNU,570,38.748584,896060,23124.9740635684
477,623,Striatum,STR,571,31.829584,675805,21231.9771442819
485,477,Striatum dorsal region,STRd,572,16.997576,462909,27233.824399432
672,485,Caudoputamen,CP,573,16.997576,462909,27233.824399432
493,477,Striatum ventral region,STRv,574,6.370624,74748,11733.2305281241
56,493,Nucleus accumbens,ACB,575,2.748912,28919,10520.1621587013
998,493,Fundus of striatum,FS,576,0.338448,7913,23380.2533919539
754,493,Olfactory tubercle,OT,577,3.283264,37916,11548.2641663905
481,754,Islands of Calleja,isl,578,0,0,NaN
489,754,Major island of Calleja,islm,579,0,0,NaN
144,754,Olfactory tubercle layers 1-3,OT1-3,580,0,0,NaN
458,754,Olfactory tubercle molecular layer,OT1,581,0,0,NaN
465,754,Olfactory tubercle pyramidal layer,OT2,582,0,0,NaN
473,754,Olfactory tubercle polymorph layer,OT3,583,0,0,NaN
20036,493,Lateral strip of striatum,LSS,584,0,0,NaN
275,477,Lateral septal complex,LSX,585,2.885048,45626,15814.6415588233
242,275,Lateral septal nucleus,LS,586,2.486904,32550,13088.5631290955
250,242,Lateral septal nucleus caudal (caudodorsal) part,LSc,587,0.334504,1771,5294.40604596657
258,242,Lateral septal nucleus rostral (rostroventral) part,LSr,588,1.627344,24639,15140.6217738843
266,242,Lateral septal nucleus ventral part,LSv,589,0.525056,6140,11693.9907362262
310,275,Septofimbrial nucleus,SF,590,0.329896,11924,36144.7243979921
333,275,Septohippocampal nucleus,SH,591,0.068248,1152,16879.6155198687
278,477,Striatum-like amygdalar nuclei,sAMY,592,3.640776,54371,14933.9042006429
23,278,Anterior amygdalar area,AAA,593,0.51312,17211,33541.8615528531
292,278,Bed nucleus of the accessory olfactory tract,BA,594,0.036592,58,1585.04591167468
536,278,Central amygdalar nucleus,CEA,595,0.775432,12381,15966.5837881336
544,536,Central amygdalar nucleus capsular part,CEAc,596,0.17428,2458,14103.7411062658
551,536,Central amygdalar nucleus lateral part,CEAl,597,0.170736,1711,10021.3194639678
559,536,Central amygdalar nucleus medial part,CEAm,598,0.430416,8212,19079.216386008
1105,278,Intercalated amygdalar nucleus,IA,599,0.1214,1343,11062.6029654036
403,278,Medial amygdalar nucleus,MEA,600,2.194232,23378,10654.2972666518
411,403,Medial amygdalar nucleus anterodorsal part,MEAad,601,0,0,NaN
418,403,Medial amygdalar nucleus anteroventral part,MEAav,602,0,0,NaN
426,403,Medial amygdalar nucleus posterodorsal part,MEApd,603,0,0,NaN
472,426,Medial amygdalar nucleus posterodorsal part sublayer a,MEApd-a,604,0,0,NaN
480,426,Medial amygdalar nucleus posterodorsal part sublayer b,MEApd-b,605,0,0,NaN
487,426,Medial amygdalar nucleus posterodorsal part sublayer c,MEApd-c,606,0,0,NaN
435,403,Medial amygdalar nucleus posteroventral part,MEApv,607,0,0,NaN
803,623,Pallidum,PAL,608,6.919,220255,31833.3574215927
818,803,Pallidum dorsal region,PALd,609,1.676296,78459,46804.979550151
1022,818,Globus pallidus external segment,GPe,610,1.192616,53325,44712.6317272282
1031,818,Globus pallidus internal segment,GPi,611,0.48368,25134,51964.1085014886
835,803,Pallidum ventral region,PALv,612,2.004368,53680,26781.5091839423
342,835,Substantia innominata,SI,613,1.87408,50030,26695.7653888841
298,835,Magnocellular nucleus,MA,614,0.130288,3650,28014.8593884318
826,803,Pallidum medial region,PALm,615,1.066656,30488,28582.7858278583
904,826,Medial septal complex,MSC,616,0.790592,18408,23283.8176961062
564,904,Medial septal nucleus,MS,617,0.454696,14439,31755.2826503862
596,904,Diagonal band nucleus,NDB,618,0.335896,3969,11816.1573820468
581,826,Triangular nucleus of septum,TRS,619,0.276064,12080,43757.9691665701
809,803,Pallidum caudal region,PALc,620,1.151144,17008,14774.86743622
351,809,Bed nuclei of the stria terminalis,BST,621,1.147032,16979,14802.5512801735
359,351,Bed nuclei of the stria terminalis anterior division,BSTa,622,0,0,NaN
537,359,Bed nuclei of the stria terminalis anterior division anterolateral area,BSTal,623,0,0,NaN
498,359,Bed nuclei of the stria terminalis anterior division anteromedial area,BSTam,624,0,0,NaN
505,359,Bed nuclei of the stria terminalis anterior division dorsomedial nucleus,BSTdm,625,0,0,NaN
513,359,Bed nuclei of the stria terminalis anterior division fusiform nucleus,BSTfu,626,0,0,NaN
546,359,Bed nuclei of the stria terminalis anterior division juxtacapsular nucleus,BSTju,627,0,0,NaN
521,359,Bed nuclei of the stria terminalis anterior division magnocellular nucleus,BSTmg,628,0,0,NaN
554,359,Bed nuclei of the stria terminalis anterior division oval nucleus,BSTov,629,0,0,NaN
562,359,Bed nuclei of the stria terminalis anterior division rhomboid nucleus,BSTrh,630,0,0,NaN
529,359,Bed nuclei of the stria terminalis anterior division ventral nucleus,BSTv,631,0,0,NaN
367,351,Bed nuclei of the stria terminalis posterior division,BSTp,632,0,0,NaN
569,367,Bed nuclei of the stria terminalis posterior division dorsal nucleus,BSTd,633,0,0,NaN
578,367,Bed nuclei of the stria terminalis posterior division principal nucleus,BSTpr,634,0,0,NaN
585,367,Bed nuclei of the stria terminalis posterior division interfascicular nucleus,BSTif,635,0,0,NaN
594,367,Bed nuclei of the stria terminalis posterior division transverse nucleus,BSTtr,636,0,0,NaN
602,367,Bed nuclei of the stria terminalis posterior division strial extension,BSTse,637,0,0,NaN
287,809,Bed nucleus of the anterior commissure,BAC,638,0.004112,29,7052.52918287938
343,8,Brain stem,BS,639,94.107576,3843020,40836.4572051032
1129,343,Interbrain,IB,640,28.280432,869013,30728.4202730708
549,1129,Thalamus,TH,641,18.019416,648743,36002.4431424415
864,549,Thalamus sensory-motor cortex related,DORsm,642,5.4658,212514,38880.6762047642
637,864,Ventral group of the dorsal thalamus,VENT,643,3.596392,149743,41637.0073117725
629,637,Ventral anterior-lateral complex of the thalamus,VAL,644,0.585664,24115,41175.4862856518
685,637,Ventral medial nucleus of the thalamus,VM,645,1.073136,35837,33394.6489540934
709,637,Ventral posterior complex of the thalamus,VP,646,1.673696,75035,44831.916907252
718,709,Ventral posterolateral nucleus of the thalamus,VPL,647,0.52008,25000,48069.5277649592
725,709,Ventral posterolateral nucleus of the thalamus parvicellular part,VPLpc,648,0.052432,2024,38602.3802258163
733,709,Ventral posteromedial nucleus of the thalamus,VPM,649,0.796904,37548,47117.3441217512
741,709,Ventral posteromedial nucleus of the thalamus parvicellular part,VPMpc,650,0.30428,10463,34386.0917575917
20024,637,Posterior triangular thalamic nucleus,PoT,651,0.263896,14756,55915.96689605
406,864,Subparafascicular nucleus,SPF,652,0.266784,9656,36194.0746071728
414,406,Subparafascicular nucleus magnocellular part,SPFm,653,0.158096,3736,23631.2114158486
422,406,Subparafascicular nucleus parvicellular part,SPFp,654,0.108688,5920,54467.8345355513
609,864,Subparafascicular area,SPA,655,0.362456,4195,11573.818615225
1044,864,Peripeduncular nucleus,PP,656,0.086112,4180,48541.4344109996
1008,864,Geniculate group dorsal thalamus,GENd,657,1.154056,44740,38767.6161295466
475,1008,Medial geniculate complex,MG,658,0.648336,27720,42755.6082031539
1072,475,Medial geniculate complex dorsal part,MGd,659,0.166312,5796,34850.1611429121
1079,475,Medial geniculate complex ventral part,MGv,660,0.25668,9763,38035.6864578463
1088,475,Medial geniculate complex medial part,MGm,661,0.225344,12161,53966.3802896904
170,1008,Dorsal part of the lateral geniculate complex,LGd,662,0.50572,17020,33654.9869493
20043,170,Dorsal part of the lateral geniculate complex shell,LGd-sh,663,0.17452,6018,34483.1537932615
20042,170,Dorsal part of the lateral geniculate complex core,LGd-co,664,0.275608,9436,34237.0323067545
20041,170,Dorsal part of the lateral geniculate complex ipsilateral zone,LGd-ip,665,0.055592,1566,28169.5207943589
856,549,Thalamus polymodal association cortex related,DORpm,666,11.832656,412967,34900.6174099881
138,856,Lateral group of the dorsal thalamus,LAT,667,2.187024,94071,43013.245396484
218,138,Lateral posterior nucleus of the thalamus,LP,668,0.883856,35795,40498.6785177676
1020,138,Posterior complex of the thalamus,PO,669,0.613208,23638,38548.0946106378
1029,138,Posterior limiting nucleus of the thalamus,POL,670,0.279504,16275,58228.1470032629
325,138,Suprageniculate nucleus,SGN,671,0.172432,7768,45049.6427577248
20028,138,Ethmoid nucleus of the thalamus,Eth,672,0.238024,10595,44512.3180855712
20027,138,Retroethmoid nucleus,REth,673,0,0,NaN
239,856,Anterior group of the dorsal thalamus,ATN,674,2.15544,81914,38003.3775006495
255,239,Anteroventral nucleus of thalamus,AV,675,0.496192,21679,43690.7487424223
127,239,Anteromedial nucleus,AM,676,0.464224,14257,30711.4668780589
1096,127,Anteromedial nucleus dorsal part,AMd,677,0.308528,8887,28804.5169320127
1104,127,Anteromedial nucleus ventral part,AMv,678,0.155696,5370,34490.2887678553
64,239,Anterodorsal nucleus,AD,679,0.169064,6232,36861.7801542611
1120,239,Interanteromedial nucleus of the thalamus,IAM,680,0.026632,315,11827.8762391108
1113,239,Interanterodorsal nucleus of the thalamus,IAD,681,0.109048,3541,32471.9389626586
155,239,Lateral dorsal nucleus of thalamus,LD,682,0.89028,35890,40313.1599047491
444,856,Medial group of the dorsal thalamus,MED,683,1.748328,45846,26222.7682677392
59,444,Intermediodorsal nucleus of the thalamus,IMD,684,0.245944,3653,14852.9746608984
362,444,Mediodorsal nucleus of thalamus,MD,685,1.000464,30666,30651.7775752051
617,362,Mediodorsal nucleus of the thalamus central part,MDc,686,0,0,NaN
626,362,Mediodorsal nucleus of the thalamus lateral part,MDl,687,0,0,NaN
636,362,Mediodorsal nucleus of the thalamus medial part,MDm,688,0,0,NaN
366,444,Submedial nucleus of the thalamus,SMT,689,0.252944,8258,32647.54253906
1077,444,Perireunensis nucleus,PR,690,0.248976,3269,13129.779577148
571,856,Midline group of the dorsal thalamus,MTN,691,1.638512,17998,10984.3565381273
149,571,Paraventricular nucleus of the thalamus,PVT,692,0.720832,6220,8628.91769510788
15,571,Parataenial nucleus,PT,693,0.319216,7784,24384.7426194176
181,571,Nucleus of reuniens,RE,694,0.517584,3920,7573.6498809855
20026,571,Xiphoid thalamic nucleus,Xi,695,0.08088,74,914.935707220574
51,856,Intralaminar nuclei of the dorsal thalamus,ILM,696,1.627888,58334,35834.1605810719
189,51,Rhomboid nucleus,RH,697,0.072504,758,10454.5956085182
599,51,Central medial nucleus of the thalamus,CM,698,0.1884,3952,20976.6454352442
907,51,Paracentral nucleus,PCN,699,0.136416,4913,36014.8369692705
575,51,Central lateral nucleus of the thalamus,CL,700,0.340584,11696,34341.014257863
930,51,Parafascicular nucleus,PF,701,0.685944,27115,39529.465962236
20025,51,Posterior intralaminar thalamic nucleus,PIL,702,0.20404,9900,48519.8980592041
262,856,Reticular nucleus of the thalamus,RT,703,1.31184,68519,52231.2172216124
1014,856,Geniculate group ventral thalamus,GENv,704,0.433336,23896,55144.2760352244
27,1014,Intergeniculate leaflet of the lateral geniculate complex,IGL,705,0.055376,3230,58328.5177694308
20023,1014,Intermediate geniculate nucleus,IntG,706,0.01308,731,55886.8501529052
178,1014,Ventral part of the lateral geniculate complex,LGv,707,0.341008,18729,54922.4651621076
300,178,Ventral part of the lateral geniculate complex lateral zone,LGvl,708,0,0,NaN
316,178,Ventral part of the lateral geniculate complex medial zone,LGvm,709,0,0,NaN
321,1014,Subgeniculate nucleus,SubG,710,0.023872,1206,50519.436997319
958,856,Epithalamus,EPI,711,0.730288,22389,30657.7678943102
483,958,Medial habenula,MH,712,0.35376,8559,24194.369063772
186,958,Lateral habenula,LH,713,0.376528,13830,36730.3361237411
953,958,Pineal body,PIN,714,0,0,NaN
1097,1129,Hypothalamus,HY,715,10.261016,220270,21466.6851703574
157,1097,Periventricular zone,PVZ,716,0.365592,1380,3774.69966520055
390,157,Supraoptic nucleus,SO,717,0.023032,525,22794.3730461966
332,157,Accessory supraoptic group,ASO,718,0.000736,11,14945.652173913
432,332,Nucleus circularis,NC,719,0,0,NaN
38,157,Paraventricular hypothalamic nucleus,PVH,720,0.143224,220,1536.05540970787
71,38,Paraventricular hypothalamic nucleus magnocellular division,PVHm,721,0,0,NaN
47,71,Paraventricular hypothalamic nucleus magnocellular division anterior magnocellular part,PVHam,722,0,0,NaN
79,71,Paraventricular hypothalamic nucleus magnocellular division medial magnocellular part,PVHmm,723,0,0,NaN
103,71,Paraventricular hypothalamic nucleus magnocellular division posterior magnocellular part,PVHpm,724,0,0,NaN
652,103,Paraventricular hypothalamic nucleus magnocellular division posterior magnocellular part lateral zone,PVHpml,725,0,0,NaN
660,103,Paraventricular hypothalamic nucleus magnocellular division posterior magnocellular part medial zone,PVHpmm,726,0,0,NaN
94,38,Paraventricular hypothalamic nucleus parvicellular division,PVHp,727,0,0,NaN
55,94,Paraventricular hypothalamic nucleus parvicellular division anterior parvicellular part,PVHap,728,0,0,NaN
87,94,Paraventricular hypothalamic nucleus parvicellular division medial parvicellular part dorsal zone,PVHmpd,729,0,0,NaN
110,94,Paraventricular hypothalamic nucleus parvicellular division periventricular part,PVHpv,730,0,0,NaN
30,157,Periventricular hypothalamic nucleus anterior part,PVa,731,0.01152,11,954.861111111111
118,157,Periventricular hypothalamic nucleus intermediate part,PVi,732,0.105032,131,1247.238936705
223,157,Arcuate hypothalamic nucleus,ARH,733,0.082048,482,5874.60998439938
141,1097,Periventricular region,PVR,734,1.210232,18783,15520.1647287462
72,141,Anterodorsal preoptic nucleus,ADP,735,0.147816,4215,28515.1810358824
80,141,Anterior hypothalamic area,AHA,736,0,0,NaN
263,141,Anteroventral preoptic nucleus,AVP,737,0.043568,1406,32271.3918472273
272,141,Anteroventral periventricular nucleus,AVPV,738,0.076704,697,9086.87943262411
830,141,Dorsomedial nucleus of the hypothalamus,DMH,739,0.225064,1914,8504.24768065972
668,830,Dorsomedial nucleus of the hypothalamus anterior part,DMHa,740,0,0,NaN
676,830,Dorsomedial nucleus of the hypothalamus posterior part,DMHp,741,0,0,NaN
684,830,Dorsomedial nucleus of the hypothalamus ventral part,DMHv,742,0,0,NaN
452,141,Median preoptic nucleus,MEPO,743,0.05252,665,12661.8431073877
523,141,Medial preoptic area,MPO,744,0.309256,7717,24953.4366350208
763,141,Vascular organ of the lamina terminalis,OV,745,0.004176,3,718.390804597701
914,141,Posterodorsal preoptic nucleus,PD,746,0.008152,85,10426.8891069676
1109,141,Parastrial nucleus,PS,747,0.045408,1395,30721.4587737844
1124,141,Suprachiasmatic preoptic nucleus,PSCH,748,0,0,NaN
126,141,Periventricular hypothalamic nucleus posterior part,PVp,749,0.078528,8,101.874490627547
133,141,Periventricular hypothalamic nucleus preoptic part,PVpo,750,0.078976,166,2101.90437601297
347,141,Subparaventricular zone,SBPV,751,0.052952,30,566.550838495241
286,141,Suprachiasmatic nucleus,SCH,752,0.043448,48,1104.76891916774
338,141,Subfornical organ,SFO,753,0.005616,114,20299.1452991453
20022,141,Ventromedial preoptic nucleus,VMPO,754,0.020784,193,9285.98922247883
689,141,Ventrolateral preoptic nucleus,VLPO,755,0.017264,127,7356.3484708063
467,1097,Hypothalamic medial zone,MEZ,756,2.715728,29032,10690.3195018058
88,467,Anterior hypothalamic nucleus,AHN,757,0.32348,3767,11645.2330901447
700,88,Anterior hypothalamic nucleus anterior part,AHNa,758,0,0,NaN
708,88,Anterior hypothalamic nucleus central part,AHNc,759,0,0,NaN
716,88,Anterior hypothalamic nucleus dorsal part,AHNd,760,0,0,NaN
724,88,Anterior hypothalamic nucleus posterior part,AHNp,761,0,0,NaN
331,467,Mammillary body,MBO,762,0.749264,8329,11116.2420722202
210,331,Lateral mammillary nucleus,LM,763,0.077928,677,8687.50641617904
491,331,Medial mammillary nucleus,MM,764,0.351248,1822,5187.21814786134
732,491,Medial mammillary nucleus median part,Mmme,765,0.04948,28,565.885206143897
20015,491,Medial mammillary nucleus lateral part,Mml,766,0.126712,989,7805.10133215481
20014,491,Medial mammillary nucleus medial part,Mmm,767,0.097544,163,1671.04076109243
20013,491,Medial mammillary nucleus posterior part,Mmp,768,0.026992,0,0
20012,491,Medial mammillary nucleus dorsal part,Mmd,769,0.05052,642,12707.83847981
525,331,Supramammillary nucleus,SUM,770,0.217408,5291,24336.7309390639
1110,525,Supramammillary nucleus lateral part,SUMl,771,0,0,NaN
1118,525,Supramammillary nucleus medial part,SUMm,772,0,0,NaN
557,331,Tuberomammillary nucleus,TM,773,0.10268,539,5249.3182703545
1126,557,Tuberomammillary nucleus dorsal part,TMd,774,0.02188,0,0
1,557,Tuberomammillary nucleus ventral part,TMv,775,0.0808,539,6670.79207920792
515,467,Medial preoptic nucleus,MPN,776,0.243832,1809,7419.04261950851
740,515,Medial preoptic nucleus central part,MPNc,777,0,0,NaN
748,515,Medial preoptic nucleus lateral part,MPNl,778,0,0,NaN
756,515,Medial preoptic nucleus medial part,MPNm,779,0,0,NaN
980,467,Dorsal premammillary nucleus,PMd,780,0.089072,401,4501.97592958505
1004,467,Ventral premammillary nucleus,PMv,781,0.167456,809,4831.11981654882
63,467,Paraventricular hypothalamic nucleus descending division,PVHd,782,0.121168,1241,10241.9780800211
439,63,Paraventricular hypothalamic nucleus descending division dorsal parvicellular part,PVHdp,783,0,0,NaN
447,63,Paraventricular hypothalamic nucleus descending division forniceal part,PVHf,784,0,0,NaN
455,63,Paraventricular hypothalamic nucleus descending division lateral parvicellular part,PVHlp,785,0,0,NaN
464,63,Paraventricular hypothalamic nucleus descending division medial parvicellular part ventral zone,PVHmpv,786,0,0,NaN
693,467,Ventromedial hypothalamic nucleus,VMH,787,0.18064,2364,13086.8024800709
761,693,Ventromedial hypothalamic nucleus anterior part,VMHa,788,0,0,NaN
769,693,Ventromedial hypothalamic nucleus central part,VMHc,789,0,0,NaN
777,693,Ventromedial hypothalamic nucleus dorsomedial part,VMHdm,790,0,0,NaN
785,693,Ventromedial hypothalamic nucleus ventrolateral part,VMHvl,791,0,0,NaN
946,467,Posterior hypothalamic nucleus,PH,792,0.840816,10312,12264.2766074861
290,1097,Hypothalamic lateral zone,LZ,793,3.912984,135736,34688.6161558545
194,290,Lateral hypothalamic area,LHA,794,1.518848,49535,32613.5334147986
226,290,Lateral preoptic area,LPO,795,0.184456,4622,25057.4662792211
356,290,Preparasubthalamic nucleus,PST,796,0.01424,494,34691.0112359551
364,290,Parasubthalamic nucleus,PSTN,797,0.099384,3433,34542.7835466473
20021,290,Perifornical nucleus,PeF,798,0.097472,2582,26489.6585686146
173,290,Retrochiasmatic area,RCH,799,0.069672,850,12200.0229647491
470,290,Subthalamic nucleus,STN,800,0.228232,9860,43201.6544568685
614,290,Tuberal nucleus,TU,801,0.254456,4692,18439.337252806
797,290,Zona incerta,ZI,802,1.446224,59668,41257.785792519
796,797,Dopaminergic A13 group,A13,803,0,0,NaN
804,797,Fields of Forel,FF,804,0.14464,7675,53062.7765486726
10671,1097,Median eminence,ME,805,0.0306,100,3267.97385620915
313,343,Midbrain,MB,806,33.509048,1430149,42679.4876416662
339,313,Midbrain sensory related,MBsen,807,7.107232,261412,36781.1266045628
302,339,Superior colliculus sensory related,SCs,808,2.627648,81191,30898.735294834
851,302,Superior colliculus optic layer,SCop,809,0.75856,32981,43478.4328200802
842,302,Superior colliculus superficial gray layer,SCsg,810,1.406088,41975,29852.3278770603
834,302,Superior colliculus zonal layer,SCzo,811,0.463,6235,13466.5226781857
4,339,Inferior colliculus,IC,812,4.313712,170288,39475.9779976039
811,4,Inferior colliculus central nucleus,ICc,813,1.069376,53228,49774.8219522413
820,4,Inferior colliculus dorsal nucleus,ICd,814,1.366896,45466,33262.2233147218
828,4,Inferior colliculus external nucleus,ICe,815,1.87744,71594,38133.8418271689
580,339,Nucleus of the brachium of the inferior colliculus,NB,816,0.051704,3300,63824.8491412657
271,339,Nucleus sagulum,SAG,817,0.037144,2597,69917.0794744777
874,339,Parabigeminal nucleus,PBG,818,0.057824,3550,61393.1931377975
460,339,Midbrain trigeminal nucleus,MEV,819,0.00396,193,48737.3737373737
20017,339,Subcommissural organ,SCO,820,0.01524,293,19225.7217847769
323,313,Midbrain motor related,MBmot,821,18.292496,815855,44600.5290912733
381,323,Substantia nigra reticular part,SNr,822,1.050248,42369,40341.9001988102
749,323,Ventral tegmental area,VTA,823,0.342232,15524,45361.0416325767
20010,323,Paranigral nucleus,PN,824,0.02164,938,43345.6561922366
246,323,Midbrain reticular nucleus retrorubral area,RR,825,0.102384,5842,57059.6968276293
128,323,Midbrain reticular nucleus,MRN,826,3.53104,185186,52445.1719606688
539,128,Midbrain reticular nucleus magnocellular part,MRNm,827,0,0,NaN
548,128,Midbrain reticular nucleus magnocellular part general,MRNmg,828,0,0,NaN
555,128,Midbrain reticular nucleus parvicellular part,MRNp,829,0,0,NaN
294,323,Superior colliculus motor related,SCm,830,4.933664,257269,52145.6264553079
26,294,Superior colliculus motor related deep gray layer,SCdg,831,0.835496,43960,52615.4523779886
42,294,Superior colliculus motor related deep white layer,SCdw,832,0.214072,8639,40355.5812997496
17,294,Superior colliculus motor related intermediate white layer,SCiw,833,1.620144,89199,55056.2172251355
10,294,Superior colliculus motor related intermediate gray layer,SCig,834,2.263952,115471,51004.1732333548
494,10,Superior colliculus motor related intermediate gray layer sublayer a,SCig-a,835,0,0,NaN
503,10,Superior colliculus motor related intermediate gray layer sublayer b,SCig-b,836,0,0,NaN
511,10,Superior colliculus motor related intermediate gray layer sublayer c,SCig-c,837,0,0,NaN
795,323,Periaqueductal gray,PAG,838,4.314784,101142,23440.8025986932
50,795,Precommissural nucleus,PRC,839,0.269168,6295,23386.8810556976
67,795,Interstitial nucleus of Cajal,INC,840,0.032528,1180,36276.4387604525
587,795,Nucleus of Darkschewitsch,ND,841,0.052344,1895,36202.8121656732
20001,795,Supraoculomotor periaqueductal gray,Su3,842,0.039168,1615,41232.6388888889
1100,323,Pretectal region,PRT,843,3.101104,169372,54616.6784474174
215,1100,Anterior pretectal nucleus,APN,844,2.043792,118955,58203.0852454653
531,1100,Medial pretectal area,MPT,845,0.0562,2925,52046.2633451957
628,1100,Nucleus of the optic tract,NOT,846,0.288792,15255,52823.4854151085
634,1100,Nucleus of the posterior commissure,NPC,847,0.408512,16472,40321.9489268369
706,1100,Olivary pretectal nucleus,OP,848,0.070008,3076,43937.8356759228
1061,1100,Posterior pretectal nucleus,PPT,849,0.182992,10121,55308.428783772
20035,1100,Retroparafascicular nucleus,RPF,850,0.050808,2568,50543.221539915
20034,323,Intercollicular nucleus,InCo,851,0,0,NaN
616,323,Cuneiform nucleus,CUN,852,0.343328,11907,34681.1212601361
214,323,Red nucleus,RN,853,0.377752,18869,49950.7613460683
35,323,Oculomotor nucleus,III,854,0.019472,1005,51612.5718981101
20033,323,Medial accesory oculomotor nucleus,MA3,855,0.01156,388,33564.0138408304
975,323,Edinger-Westphal nucleus,EW,856,0.025,991,39640
115,323,Trochlear nucleus,IV,857,0.008512,327,38416.3533834586
20011,323,Paratrochlear nucleus,Pa4,858,0.009128,422,46231.3759859772
757,323,Ventral tegmental nucleus,VTN,859,0.018408,719,39059.1047370708
231,323,Anterior tegmental nucleus,AT,860,0.015824,556,35136.5015166835
66,323,Lateral terminal nucleus of the accessory optic tract,LT,861,0.019568,1018,52023.7121831562
75,323,Dorsal terminal nucleus of the accessory optic tract,DT,862,0.020744,967,46615.8889317393
58,323,Medial terminal nucleus of the accessory optic tract,MT,863,0.026104,1044,39993.8706711615
615,323,Substantia nigra lateral part,SNl,864,0,0,NaN
348,313,Midbrain behavioral state related,MBsta,865,1.685648,67605,40106.2380758023
374,348,Substantia nigra compact part,SNc,866,0.155688,8066,51808.7456965212
1052,348,Pedunculopontine nucleus,PPN,867,0.7292,36844,50526.6044980801
165,348,Midbrain raphe nuclei,RAmb,868,0.80076,22695,28341.8252659973
12,165,Interfascicular nucleus raphe,IF,869,0.077904,2098,26930.5812281783
100,165,Interpeduncular nucleus,IPN,870,0.407728,13032,31962.4847937841
20009,100,Interpeduncular nucleus rostral,IPR,871,0.106472,2887,27115.1100758885
20008,100,Interpeduncular nucleus caudal,IPC,872,0.080936,2558,31605.2189384205
20007,100,Interpeduncular nucleus apical,IPA,873,0.026776,1072,40035.853002689
20006,100,Interpeduncular nucleus lateral,IPL,874,0.076224,2718,35658.0604534005
20005,100,Interpeduncular nucleus intermediate,IPI,875,0.02912,913,31353.021978022
20004,100,Interpeduncular nucleus dorsomedial,IPDM,876,0.015704,610,38843.6067244014
20003,100,Interpeduncular nucleus dorsolateral,IPDL,877,0.037032,1409,38048.174551739
20002,100,Interpeduncular nucleus rostrolateral,IPRL,878,0.027216,488,17930.6290417402
197,165,Rostral linear nucleus raphe,RL,879,0.045352,1265,27892.9264420533
591,165,Central linear nucleus raphe,CLI,880,0.042912,1601,37308.9112602535
872,165,Dorsal nucleus raphe,DR,881,0.226864,4699,20712.849989421
1065,343,Hindbrain,HB,882,32.318096,1543858,47770.6978777463
771,1065,Pons,P,883,13.613208,689098,50619.8098199925
1132,771,Pons sensory related,P-sen,884,4.202832,232500,55319.8414783175
612,1132,Nucleus of the lateral lemniscus,NLL,885,1.097928,74173,67557.2532989413
82,612,Nucleus of the lateral lemniscus dorsal part,NLLd,886,0,0,NaN
90,612,Nucleus of the lateral lemniscus horizontal part,NLLh,887,0,0,NaN
99,612,Nucleus of the lateral lemniscus ventral part,NLLv,888,0,0,NaN
7,1132,Principal sensory nucleus of the trigeminal,PSV,889,1.150488,58280,50656.7647815536
867,1132,Parabrachial nucleus,PB,890,1.6408,86852,52932.7157484154
123,867,Koelliker-Fuse subnucleus,KF,891,0.25296,13631,53885.9898798229
881,867,Parabrachial nucleus lateral division,PBl,892,0,0,NaN
860,881,Parabrachial nucleus lateral division central lateral part,PBlc,893,0,0,NaN
868,881,Parabrachial nucleus lateral division dorsal lateral part,PBld,894,0,0,NaN
875,881,Parabrachial nucleus lateral division external lateral part,PBle,895,0,0,NaN
883,881,Parabrachial nucleus lateral division superior lateral part,PBls,896,0,0,NaN
891,881,Parabrachial nucleus lateral division ventral lateral part,PBlv,897,0,0,NaN
890,867,Parabrachial nucleus medial division,PBm,898,0,0,NaN
899,890,Parabrachial nucleus medial division external medial part,PBme,899,0,0,NaN
915,890,Parabrachial nucleus medial division medial medial part,PBmm,900,0,0,NaN
923,890,Parabrachial nucleus medial division ventral medial part,PBmv,901,0,0,NaN
398,1132,Superior olivary complex,SOC,902,0.313616,13195,42073.7462374369
122,398,Superior olivary complex periolivary region,POR,903,0.124888,4350,34831.2087630517
105,398,Superior olivary complex medial part,SOCm,904,0.040592,2198,54148.6007094994
114,398,Superior olivary complex lateral part,SOCl,905,0.148136,6647,44870.9294162121
987,771,Pons motor related,P-mot,906,3.847104,183251,47633.4926219827
280,987,Barrington's nucleus,B,907,0.034288,1796,52379.8413439104
880,987,Dorsal tegmental nucleus,DTN,908,0.15956,5606,35134.1188267736
283,987,Lateral tegmental nucleus,LTN,909,0,0,NaN
20016,987,Posterodorsal tegmental nucleus,PDTg,910,0.033552,1759,52426.0848831664
898,987,Pontine central gray,PCG,911,0.864328,36891,42681.7134236077
931,987,Pontine gray,PG,912,0.50392,16967,33670.0269884109
1093,987,Pontine reticular nucleus caudal part,PRNc,913,1.050976,56340,53607.313582803
552,987,Pontine reticular nucleus ventral part,PRNv,914,0,0,NaN
318,987,Supragenual nucleus,SG,915,0.019176,1124,58614.9353358365
462,987,Superior salivatory nucleus,SSN,916,0,0,NaN
534,987,Supratrigeminal nucleus,SUT,917,0.28276,15494,54795.5863629934
574,987,Tegmental reticular nucleus,TRN,918,0.401912,20216,50299.568064651
621,987,Motor nucleus of trigeminal,V,919,0.200896,10909,54301.7282574068
20032,987,Peritrigeminal zone,P5,920,0.22768,12511,54949.9297259311
20031,987,Accessory trigeminal nucleus,Acs5,921,0.005232,298,56957.1865443425
20030,987,Parvicellular motor 5 nucleus,PC5,922,0.031328,1713,54679.519918284
20029,987,Intertrigeminal nucleus,I5,923,0.031496,1627,51657.3533147066
1117,771,Pons behavioral state related,P-sat,924,2.721344,143987,52910.2531690224
679,1117,Superior central nucleus raphe,CS,925,0.402624,18325,45513.928628199
137,679,Superior central nucleus raphe lateral part,CSl,926,0,0,NaN
130,679,Superior central nucleus raphe medial part,CSm,927,0,0,NaN
147,1117,Locus ceruleus,LC,928,0.041488,2564,61801.0026995758
162,1117,Laterodorsal tegmental nucleus,LDT,929,0.294248,11792,40075.0387428292
604,1117,Nucleus incertus,NI,930,0.124848,6693,53609.1887735486
146,1117,Pontine reticular nucleus,PRNr,931,1.677064,95065,56685.3739630688
238,1117,Nucleus raphe pontis,RPO,932,0.050408,2401,47631.3283605777
350,1117,Subceruleus nucleus,SLC,933,0.06124,3278,53527.1064663619
358,1117,Sublaterodorsal nucleus,SLD,934,0.069424,3869,55730.0069140355
354,1065,Medulla,MY,935,18.704888,854760,45697.146114962
386,354,Medulla sensory related,MY-sen,936,6.007864,297100,49451.8517729429
207,386,Area postrema,AP,937,0.023496,953,40560.0953353762
607,386,Cochlear nuclei,CN,938,1.054184,36619,34736.820137661
112,607,Granular lamina of the cochlear nuclei,CNlam,939,0,0,NaN
560,607,Cochlear nucleus subpedunclular granular region,CNspg,940,0,0,NaN
96,607,Dorsal cochlear nucleus,DCO,941,0.475544,11152,23451.037128005
101,607,Ventral cochlear nucleus,VCO,942,0.57864,25467,44011.820821236
720,386,Dorsal column nuclei,DCN,943,0.258144,14336,55534.8952522623
711,720,Cuneate nucleus,CU,944,0.228512,12659,55397.5283573729
1039,720,Gracile nucleus,GR,945,0.029632,1677,56594.222462203
903,386,External cuneate nucleus,ECU,946,0.12012,5827,48509.8235098235
642,386,Nucleus of the trapezoid body,NTB,947,0.029872,1801,60290.5731119443
651,386,Nucleus of the solitary tract,NTS,948,1.073416,54023,50328.111375273
659,651,Nucleus of the solitary tract central part,NTSce,949,0,0,NaN
666,651,Nucleus of the solitary tract commissural part,NTSco,950,0,0,NaN
674,651,Nucleus of the solitary tract gelatinous part,NTSge,951,0,0,NaN
682,651,Nucleus of the solitary tract lateral part,NTSl,952,0,0,NaN
691,651,Nucleus of the solitary tract medial part,NTSm,953,0,0,NaN
429,386,Spinal nucleus of the trigeminal caudal part,SPVC,954,1.478384,77176,52202.9459193281
437,386,Spinal nucleus of the trigeminal interpolar part,SPVI,955,1.21528,63153,51965.8021196761
445,386,Spinal nucleus of the trigeminal oral part,SPVO,956,0.708568,40879,57692.416253627
77,445,Spinal nucleus of the trigeminal oral part caudal dorsomedial part,SPVOcdm,957,0,0,NaN
53,445,Spinal nucleus of the trigeminal oral part middle dorsomedial part dorsal zone,SPVOmdmd,958,0,0,NaN
61,445,Spinal nucleus of the trigeminal oral part middle dorsomedial part ventral zone,SPVOmdmv,959,0,0,NaN
45,445,Spinal nucleus of the trigeminal oral part rostral dorsomedial part,SPVOrdm,960,0,0,NaN
69,445,Spinal nucleus of the trigeminal oral part ventrolateral part,SPVOvl,961,0,0,NaN
20019,386,Paratrigeminal nucleus,Pa5,962,0.0464,2333,50280.1724137931
789,386,Nucleus z,z,963,0,0,NaN
370,354,Medulla motor related,MY-mot,964,10.03184,485750,48420.8280833825
653,370,Abducens nucleus,VI,965,0.047016,2239,47622.0860983495
568,370,Accessory abducens nucleus,ACVI,966,0,0,NaN
661,370,Facial motor nucleus,VII,967,0.320552,15577,48594.2998327884
576,370,Accessory facial motor nucleus,ACVII,968,0.000528,31,58712.1212121212
640,370,Efferent vestibular nucleus,EV,969,0,0,NaN
135,370,Nucleus ambiguus,AMB,970,0.005464,267,48865.3001464129
939,135,Nucleus ambiguus dorsal division,AMBd,971,0.004248,231,54378.5310734463
143,135,Nucleus ambiguus ventral division,AMBv,972,0.001216,36,29605.2631578947
839,370,Dorsal motor nucleus of the vagus nerve,DMX,973,0.175552,9364,53340.3208166241
887,370,Efferent cochlear group,ECO,974,0,0,NaN
1048,370,Gigantocellular reticular nucleus,GRN,975,0.708472,29560,41723.5966982464
372,370,Infracerebellar nucleus,ICB,976,0.04684,272,5807.00256191289
83,370,Inferior olivary complex,IO,977,0.08532,2536,29723.3942803563
136,370,Intermediate reticular nucleus,IRN,978,1.56156,77702,49759.2151438305
106,370,Inferior salivatory nucleus,ISN,979,0.003968,224,56451.6129032258
203,370,Linear nucleus of the medulla,LIN,980,0.032024,1265,39501.6237821634
235,370,Lateral reticular nucleus,LRN,981,0.12236,1592,13010.7878391631
955,235,Lateral reticular nucleus magnocellular part,LRNm,982,0.100792,1459,14475.3551869196
963,235,Lateral reticular nucleus parvicellular part,LRNp,983,0.021568,133,6166.54302670623
307,370,Magnocellular reticular nucleus,MARN,984,0.101288,3774,37260.0900402812
395,370,Medullary reticular nucleus,MDRN,985,1.312528,70873,53997.3242475589
1098,395,Medullary reticular nucleus dorsal part,MDRNd,986,0.670456,37866,56477.9791664181
1107,395,Medullary reticular nucleus ventral part,MDRNv,987,0.642072,33007,51407.0073138215
852,370,Parvicellular reticular nucleus,PARN,988,1.562824,76656,49049.6690606236
859,370,Parasolitary nucleus,PAS,989,0.02544,1439,56564.465408805
938,370,Paragigantocellular reticular nucleus,PGRN,990,0.271224,11929,43982.0959797068
970,938,Paragigantocellular reticular nucleus dorsal part,PGRNd,991,0.162168,8043,49596.7145182773
978,938,Paragigantocellular reticular nucleus lateral part,PGRNl,992,0.109056,3886,35633.0692488263
154,370,Perihypoglossal nuclei,PHY,993,0.276536,14711,53197.4137182862
161,154,Nucleus intercalatus,NIS,994,0,0,NaN
177,154,Nucleus of Roller,NR,995,0.018376,1222,66499.7823247714
169,154,Nucleus prepositus,PRP,996,0.25816,13489,52250.5422993492
995,370,Paramedian reticular nucleus,PMR,997,0,0,NaN
1069,370,Parapyramidal nucleus,PPY,998,0.018672,650,34811.4824335904
185,1069,Parapyramidal nucleus deep part,PPYd,999,0,0,NaN
193,1069,Parapyramidal nucleus superficial part,PPYs,1000,0,0,NaN
701,370,Vestibular nuclei,VNC,1001,3.125752,151280,48397.9535164658
209,701,Lateral vestibular nucleus,LAV,1002,0.13272,7220,54400.2411091019
202,701,Medial vestibular nucleus,MV,1003,2.156416,105413,48883.4250905206
225,701,Spinal vestibular nucleus,SPIV,1004,0.578504,28071,48523.4328543969
217,701,Superior vestibular nucleus,SUV,1005,0.258112,10576,40974.4606992313
765,370,Nucleus x,x,1006,0.035856,1755,48945.7831325301
773,370,Hypoglossal nucleus,XII,1007,0.169904,11106,65366.324512666
781,370,Nucleus y,y,1008,0.02216,948,42779.7833935018
76,370,Interstitial nucleus of the vestibular nerve,INV,1009,0,0,NaN
379,354,Medulla behavioral state related,MY-sat,1010,0.142248,3267,22966.9309937574
206,379,Nucleus raphe magnus,RM,1011,0.07252,2109,29081.6326530612
230,379,Nucleus raphe pallidus,RPA,1012,0.056296,527,9361.23348017621
222,379,Nucleus raphe obscurus,RO,1013,0.013432,631,46977.3674806432
512,8,Cerebellum,CB,1014,44.103792,649309,14722.2941737073
528,512,Cerebellar cortex,CBX,1015,41.534584,549321,13225.6290324227
1144,528,Cerebellar cortex molecular layer,CBXmo,1016,0,0,NaN
1145,528,Cerebellar cortex Purkinje layer,CBXpu,1017,0,0,NaN
1143,528,Cerebellar cortex granular layer,CBXgr,1018,0,0,NaN
645,528,Vermal regions,VERM,1019,17.227104,317209,18413.3676792106
912,645,Lingula (I),LING,1020,0.108104,154,1424.55413305706
10707,912,Lingula (I) molecular layer,LINGmo,1021,0,0,NaN
10706,912,Lingula (I) Purkinje layer,LINGpu,1022,0,0,NaN
10705,912,Lingula (I) granular layer,LINGgr,1023,0,0,NaN
920,645,Central lobule,CENT,1024,3.610424,97268,26940.8800739193
976,920,Lobule II,CENT2,1025,1.50572,33571,22295.6459368276
10710,976,Lobule II molecular layer,CENT2mo,1026,0,0,NaN
10709,976,Lobule II Purkinje layer,CENT2pu,1027,0,0,NaN
10708,976,Lobule II granular layer,CENT2gr,1028,0,0,NaN
984,920,Lobule III,CENT3,1029,2.104704,63697,30264.1131484522
10713,984,Lobule III molecular layer,CENT3mo,1030,0,0,NaN
10712,984,Lobule III Purkinje layer,CENT3pu,1031,0,0,NaN
10711,984,Lobule III granular layer,CENT3gr,1032,0,0,NaN
928,645,Culmen,CUL,1033,5.412888,106188,19617.6237158426
992,928,Lobule IV,CUL4,1034,0,0,NaN
10716,992,Lobule IV molecular layer,CUL4mo,1035,0,0,NaN
10715,992,Lobule IV Purkinje layer,CUL4pu,1036,0,0,NaN
10714,992,Lobule IV granular layer,CUL4gr,1037,0,0,NaN
1001,928,Lobule V,CUL5,1038,0,0,NaN
10719,1001,Lobule V molecular layer,CUL5mo,1039,0,0,NaN
10718,1001,Lobule V Purkinje layer,CUL5pu,1040,0,0,NaN
10717,1001,Lobule V granular layer,CUL5gr,1041,0,0,NaN
1091,928,Lobules IV-V,CUL4 5,1042,5.412888,106188,19617.6237158426
10722,1091,Lobules IV-V molecular layer,CUL4 5mo,1043,0,0,NaN
10721,1091,Lobules IV-V Purkinje layer,CUL4 5pu,1044,0,0,NaN
10720,1091,Lobules IV-V granular layer,CUL4 5gr,1045,0,0,NaN
936,645,Declive (VI),DEC,1046,3.9044,45338,11612.0274562033
10725,936,Declive (VI) molecular layer,DECmo,1047,0,0,NaN
10724,936,Declive (VI) Purkinje layer,DECpu,1048,0,0,NaN
10723,936,Declive (VI) granular layer,DECgr,1049,0,0,NaN
944,645,Folium-tuber vermis (VII),FOTU,1050,0.908968,7059,7765.94995643411
10728,944,Folium-tuber vermis (VII) molecular layer,FOTUmo,1051,0,0,NaN
10727,944,Folium-tuber vermis (VII) Purkinje layer,FOTUpu,1052,0,0,NaN
10726,944,Folium-tuber vermis (VII) granular layer,FOTUgr,1053,0,0,NaN
951,645,Pyramus (VIII),PYR,1054,1.169032,18781,16065.4284912646
10731,951,Pyramus (VIII) molecular layer,PYRmo,1055,0,0,NaN
10730,951,Pyramus (VIII) Purkinje layer,PYRpu,1056,0,0,NaN
10729,951,Pyramus (VIII) granular layer,PYRgr,1057,0,0,NaN
957,645,Uvula (IX),UVU,1058,1.224432,29641,24207.9592823448
10734,957,Uvula (IX) molecular layer,UVUmo,1059,0,0,NaN
10733,957,Uvula (IX) Purkinje layer,UVUpu,1060,0,0,NaN
10732,957,Uvula (IX) granular layer,UVUgr,1061,0,0,NaN
968,645,Nodulus (X),NOD,1062,0.888856,12780,14378.0319871835
10737,968,Nodulus (X) molecular layer,NODmo,1063,0,0,NaN
10736,968,Nodulus (X) Purkinje layer,NODpu,1064,0,0,NaN
10735,968,Nodulus (X) granular layer,NODgr,1065,0,0,NaN
1073,528,Hemispheric regions,HEM,1066,24.30748,232112,9548.99479501783
1007,1073,Simple lobule,SIM,1067,4.604928,51004,11075.9603624639
10674,1007,Simple lobule molecular layer,SIMmo,1068,0,0,NaN
10673,1007,Simple lobule Purkinje layer,SIMpu,1069,0,0,NaN
10672,1007,Simple lobule granular layer,SIMgr,1070,0,0,NaN
1017,1073,Ansiform lobule,AN,1071,7.263256,92630,12753.233536034
1056,1017,Crus 1,ANcr1,1072,3.229128,42887,13281.2945166621
10677,1056,Crus 1 molecular layer,ANcr1mo,1073,0,0,NaN
10676,1056,Crus 1 Purkinje layer,ANcr1pu,1074,0,0,NaN
10675,1056,Crus 1 granular layer,ANcr1gr,1075,0,0,NaN
1064,1017,Crus 2,ANcr2,1076,4.034128,49743,12330.5457833762
10680,1064,Crus 2 molecular layer,ANcr2mo,1077,0,0,NaN
10679,1064,Crus 2 Purkinje layer,ANcr2pu,1078,0,0,NaN
10678,1064,Crus 2 granular layer,ANcr2gr,1079,0,0,NaN
1025,1073,Paramedian lobule,PRM,1080,3.954096,43312,10953.7047153129
10683,1025,Paramedian lobule molecular layer,PRMmo,1081,0,0,NaN
10682,1025,Paramedian lobule Purkinje layer,PRMpu,1082,0,0,NaN
10681,1025,Paramedian lobule granular layer,PRMgr,1083,0,0,NaN
1033,1073,Copula pyramidis,COPY,1084,1.97052,12663,6426.22251994397
10686,1033,Copula pyramidis molecular layer,COPYmo,1085,0,0,NaN
10685,1033,Copula pyramidis Purkinje layer,COPYpu,1086,0,0,NaN
10684,1033,Copula pyramidis granular layer,COPYgr,1087,0,0,NaN
1041,1073,Paraflocculus,PFL,1088,4.29608,21143,4921.46328746206
10689,1041,Paraflocculus molecular layer,PFLmo,1089,0,0,NaN
10688,1041,Paraflocculus Purkinje layer,PFLpu,1090,0,0,NaN
10687,1041,Paraflocculus granular layer,PFLgr,1091,0,0,NaN
1049,1073,Flocculus,FL,1092,2.2186,11360,5120.34616424772
10692,1049,Flocculus molecular layer,FLmo,1093,0,0,NaN
10691,1049,Flocculus Purkinje layer,FLpu,1094,0,0,NaN
10690,1049,Flocculus granular layer,FLgr,1095,0,0,NaN
519,512,Cerebellar nuclei,CBN,1096,1.980776,85068,42946.8046866481
989,519,Fastigial nucleus,FN,1097,0.395912,9153,23118.7738689406
91,519,Interposed nucleus,IP,1098,1.1302,56883,50330.0300831711
846,519,Dentate nucleus,DN,1099,0.39324,17685,44972.5358559658
20018,519,Vestibulocerebellar nucleus,VeCB,1100,0.061424,1347,21929.5389424329
1009,997,fiber tracts,fiber tracts,1101,31.487144,1178917,37441.2172790266
967,1009,cranial nerves,cm,1102,7.492144,150510,20089.0426024914
885,967,terminal nerve,tn,1103,0,0,NaN
949,967,vomeronasal nerve,von,1104,0.008232,25,3036.92905733722
840,967,olfactory nerve,In,1105,4.13872,41420,10007.9251556037
1016,840,olfactory nerve layer of main olfactory bulb,onl,1106,2.686632,1348,501.743446813706
21,840,lateral olfactory tract general,lotg,1107,1.08392,27197,25091.3351538859
665,21,lateral olfactory tract body,lot,1108,1.015832,25602,25202.9863205727
538,21,dorsal limb,lotd,1109,0.068088,1595,23425.5669134062
459,21,accessory olfactory tract,aolt,1110,0,0,NaN
900,840,anterior commissure olfactory limb,aco,1111,0.368168,12875,34970.4482736142
848,967,optic nerve,IIn,1112,0.93792,23846,25424.3432275674
876,848,accessory optic tract,aot,1113,0,0,NaN
916,848,brachium of the superior colliculus,bsc,1114,0.1426,3927,27538.5694249649
336,848,superior colliculus commissure,csc,1115,0.033,1165,35303.0303030303
117,848,optic chiasm,och,1116,0.249368,1525,6115.45988258317
125,848,optic tract,opt,1117,0.471984,17226,36496.9998983016
357,848,tectothalamic pathway,ttp,1118,0,0,NaN
832,967,oculomotor nerve,IIIn,1119,0.082208,2654,32283.9626313741
62,832,medial longitudinal fascicle,mlf,1120,0.040624,1727,42511.8156754628
158,832,posterior commissure,pc,1121,0.040008,858,21445.7108578284
911,967,trochlear nerve,IVn,1122,0.002992,36,12032.0855614973
384,911,trochlear nerve decussation,IVd,1123,0,0,NaN
710,967,abducens nerve,VIn,1124,0,0,NaN
901,967,trigeminal nerve,Vn,1125,0.978256,12028,12295.3500924093
93,901,motor root of the trigeminal nerve,moV,1126,0.015024,562,37406.8157614483
229,901,sensory root of the trigeminal nerve,sV,1127,0.963232,11466,11903.674296535
705,229,midbrain tract of the trigeminal nerve,mtV,1128,0,0,NaN
794,229,spinal tract of the trigeminal nerve,sptV,1129,0.74488,10957,14709.7519063473
798,967,facial nerve,VIIn,1130,0.049072,2694,54898.9240299967
1131,798,intermediate nerve,iVIIn,1131,0,0,NaN
1116,798,genu of the facial nerve,gVIIn,1132,0.021576,1177,54551.3533555803
933,967,vestibulocochlear nerve,VIIIn,1133,0.9196,46261,50305.5676381035
1076,933,efferent cochleovestibular bundle,cvb,1134,0,0,NaN
413,933,vestibular nerve,vVIIIn,1135,0.072176,3441,47675.1274661937
948,933,cochlear nerve,cVIIIn,1136,0.847424,42820,50529.605014727
841,948,trapezoid body,tb,1137,0.087672,534,6090.88420476321
641,948,intermediate acoustic stria,ias,1138,0,0,NaN
506,948,dorsal acoustic stria,das,1139,0.00124,3,2419.35483870968
658,948,lateral lemniscus,ll,1140,0.558792,31755,56827.9431344758
633,948,inferior colliculus commissure,cic,1141,0.017128,332,19383.4656702475
482,948,brachium of the inferior colliculus,bic,1142,0.182592,10196,55840.3434980722
808,967,glossopharyngeal nerve,IXn,1143,0,0,NaN
917,967,vagus nerve,Xn,1144,0.000136,7,51470.5882352941
237,917,solitary tract,ts,1145,0.000136,7,51470.5882352941
717,967,accessory spinal nerve,XIn,1146,0,0,NaN
813,967,hypoglossal nerve,XIIn,1147,0,0,NaN
925,967,ventral roots,vrt,1148,0,0,NaN
792,967,dorsal roots,drt,1149,0.375008,21539,57436.1080296954
932,792,cervicothalamic tract,cett,1150,0.375008,21539,57436.1080296954
570,932,dorsolateral fascicle,dl,1151,0,0,NaN
522,932,dorsal commissure of the spinal cord,dcm,1152,0,0,NaN
858,932,ventral commissure of the spinal cord,vc,1153,0,0,NaN
586,932,fasciculus proprius,fpr,1154,0,0,NaN
514,932,dorsal column,dc,1155,0.00448,187,41741.0714285714
380,514,cuneate fascicle,cuf,1156,0.00448,187,41741.0714285714
388,514,gracile fascicle,grf,1157,0,0,NaN
396,514,internal arcuate fibers,iaf,1158,0,0,NaN
697,932,medial lemniscus,ml,1159,0.370528,21352,57625.8744278435
871,967,spinothalamic tract,sst,1160,0,0,NaN
29,871,lateral spinothalamic tract,sttl,1161,0,0,NaN
389,871,ventral spinothalamic tract,sttv,1162,0,0,NaN
245,871,spinocervical tract,scrt,1163,0,0,NaN
261,871,spino-olivary pathway,sop,1164,0,0,NaN
270,871,spinoreticular pathway,srp,1165,0,0,NaN
293,871,spinovestibular pathway,svp,1166,0,0,NaN
277,871,spinotectal pathway,stp,1167,0,0,NaN
253,871,spinohypothalamic pathway,shp,1168,0,0,NaN
285,871,spinotelenchephalic pathway,step,1169,0,0,NaN
627,285,hypothalamohypophysial tract,hht,1170,0,0,NaN
960,1009,cerebellum related fiber tracts,cbf,1171,7.145464,227912,31896.0392215257
744,960,cerebellar commissure,cbc,1172,0.029504,127,4304.5010845987
752,960,cerebellar peduncles,cbp,1173,1.939328,70156,36175.4174641938
326,752,superior cerebelar peduncles,scp,1174,0.852536,37344,43803.4288288119
812,326,superior cerebellar peduncle decussation,dscp,1175,0.01168,386,33047.9452054795
85,812,spinocerebellar tract,sct,1176,0,0,NaN
850,326,uncinate fascicle,uf,1177,0.101048,4869,48185.0209801283
866,326,ventral spinocerebellar tract,sctv,1178,0.241808,3651,15098.7560378482
78,752,middle cerebellar peduncle,mcp,1179,0.630848,24384,38652.7340975956
1123,752,inferior cerebellar peduncle,icp,1180,0.455944,8428,18484.7261944449
553,1123,dorsal spinocerebellar tract,sctd,1181,0.136904,44,321.393092970257
499,1123,cuneocerebellar tract,cct,1182,0,0,NaN
650,1123,juxtarestiform body,jrb,1183,0,0,NaN
490,1123,bulbocerebellar tract,bct,1184,0,0,NaN
404,490,olivocerebellar tract,oct,1185,0,0,NaN
410,490,reticulocerebellar tract,rct,1186,0,0,NaN
373,752,trigeminocerebellar tract,tct,1187,0,0,NaN
728,960,arbor vitae,arb,1188,5.176632,157629,30450.1073284715
20048,1009,supra-callosal cerebral white matter,scwm,1189,0.841936,52194,61992.8355599475
983,1009,lateral forebrain bundle system,lfbs,1190,10.05,499606,49712.039800995
776,983,corpus callosum,cc,1191,4.936992,226947,45968.6789040776
956,776,corpus callosum anterior forceps,fa,1192,1.502504,60727,40417.1968926539
579,956,external capsule,ec,1193,0.874256,23721,27132.7849051079
964,776,corpus callosum extreme capsule,ee,1194,0.062288,820,13164.6545080914
1108,776,genu of corpus callosum,ccg,1195,0.471112,28310,60091.8677511929
971,776,corpus callosum posterior forceps,fp,1196,0.7514,29560,39339.8988554698
979,776,corpus callosum rostrum,ccr,1197,0,0,NaN
20047,776,corpus callosum body,ccb,1198,1.688928,93247,55210.7609086947
986,776,corpus callosum splenium,ccs,1199,0.46076,14283,30998.7846167202
784,983,corticospinal tract,cst,1200,2.715864,137644,50681.4774230227
6,784,internal capsule,int,1201,1.728216,103364,59809.6534229518
924,784,cerebal peduncle,cpd,1202,0.72924,30880,42345.4555427568
1036,784,corticotectal tract,cte,1203,0,0,NaN
1012,784,corticorubral tract,crt,1204,0,0,NaN
1003,784,corticopontine tract,cpt,1205,0,0,NaN
994,784,corticobulbar tract,cbt,1206,0,0,NaN
190,784,pyramid,py,1207,0.181952,228,1253.0777347872
198,784,pyramidal decussation,pyd,1208,0.052064,1982,38068.5310387216
1019,784,corticospinal tract crossed,cstc,1209,0,0,NaN
1028,784,corticospinal tract uncrossed,cstu,1210,0,0,NaN
896,983,thalamus related,lfbst,1211,2.397144,135015,56323.2746968893
1092,896,external medullary lamina of the thalamus,em,1212,0.017152,950,55387.1268656716
14,896,internal medullary lamina of the thalamus,im,1213,0,0,NaN
86,896,middle thalamic commissure,mtc,1214,0,0,NaN
365,896,thalamic peduncles,tp,1215,0,0,NaN
20046,896,optic radiation,or,1216,1.888328,110991,58777.3946051745
20045,896,auditory radiation,ar,1217,0.491664,23074,46930.4240294185
1000,1009,extrapyramidal fiber systems,eps,1218,0.67096,26379,39315.3094074162
760,1000,cerebral nuclei related,epsc,1219,0.165176,6871,41598.0529859059
142,760,pallidothalamic pathway,pap,1220,0,0,NaN
102,760,nigrostriatal tract,nst,1221,0.165176,6871,41598.0529859059
109,760,nigrothalamic fibers,ntt,1222,0,0,NaN
134,760,pallidotegmental fascicle,ptf,1223,0,0,NaN
309,760,striatonigral pathway,snp,1224,0,0,NaN
317,760,subthalamic fascicle,stf,1225,0,0,NaN
877,1000,tectospinal pathway,tsp,1226,0.140696,6239,44343.8335133906
1051,877,direct tectospinal pathway,tspd,1227,0,0,NaN
1060,877,doral tegmental decussation,dtd,1228,0.002072,68,32818.5328185328
1043,877,crossed tectospinal pathway,tspc,1229,0.138624,6171,44516.1011080332
863,1000,rubrospinal tract,rust,1230,0.365088,13269,36344.6621088614
397,863,ventral tegmental decussation,vtd,1231,0.01936,676,34917.3553719008
221,863,rubroreticular tract,rrt,1232,0,0,NaN
736,1000,central tegmental bundle,ctb,1233,0,0,NaN
855,1000,retriculospinal tract,rst,1234,0,0,NaN
205,855,retriculospinal tract lateral part,rstl,1235,0,0,NaN
213,855,retriculospinal tract medial part,rstm,1236,0,0,NaN
941,1000,vestibulospinal pathway,vsp,1237,0,0,NaN
991,1009,medial forebrain bundle system,mfbs,1238,4.102312,172084,41948.0527078389
768,991,cerebrum related,mfbc,1239,3.297952,143545,43525.4970357361
884,768,amygdalar capsule,amc,1240,0.106848,1494,13982.4797843666
892,768,ansa peduncularis,apd,1241,0,0,NaN
908,768,anterior commissure temporal limb,act,1242,0.137112,4276,31186.1835579672
940,768,cingulum bundle,cing,1243,0.525744,24479,46560.6835265833
1099,768,fornix system,fxs,1244,2.300104,104538,45449.2492513382
466,1099,alveus,alv,1245,0.30652,7005,22853.3211535952
530,1099,dorsal fornix,df,1246,0.025832,795,30775.7819758439
603,1099,fimbria,fi,1247,1.053816,57680,54734.4128386739
745,1099,precommissural fornix general,fxprg,1248,0,0,NaN
420,745,precommissural fornix diagonal band,db,1249,0,0,NaN
737,1099,postcommissural fornix,fxpo,1250,0.266144,6386,23994.5292773837
428,737,medial corticohypothalamic tract,mct,1251,0.005344,28,5239.52095808383
436,737,columns of the fornix,fx,1252,0.2608,6358,24378.8343558282
618,1099,hippocampal commissures,hc,1253,0.647792,32672,50435.9424012646
443,618,dorsal hippocampal commissure,dhc,1254,0.601672,31958,53115.3186453749
449,618,ventral hippocampal commissure,vhc,1255,0.04612,714,15481.3529921943
713,1099,perforant path,per,1256,0,0,NaN
474,1099,angular path,ab,1257,0,0,NaN
37,768,longitudinal association bundle,lab,1258,0,0,NaN
301,768,stria terminalis,st,1259,0.228144,8758,38388.0356266218
20044,301,commissural branch of stria terminalis,stc,1260,0.01112,206,18525.1798561151
824,991,hypothalamus related,mfsbshy,1261,0.80436,28539,35480.3819185439
54,824,medial forebrain bundle,mfb,1262,0.0342,1399,40906.432748538
405,824,ventrolateral hypothalamic tract,vlt,1263,0,0,NaN
174,824,preoptic commissure,poc,1264,0,0,NaN
349,824,supraoptic commissures,sup,1265,0,0,NaN
817,349,supraoptic commissures anterior,supa,1266,0,0,NaN
825,349,supraoptic commissures dorsal,supd,1267,0,0,NaN
833,349,supraoptic commissures ventral,supv,1268,0,0,NaN
166,824,premammillary commissure,pmx,1269,0,0,NaN
341,824,supramammillary decussation,smd,1270,0,0,NaN
182,824,propriohypothalamic pathways,php,1271,0,0,NaN
762,182,propriohypothalamic pathways dorsal,phpd,1272,0,0,NaN
770,182,propriohypothalamic pathways lateral,phpl,1273,0,0,NaN
779,182,propriohypothalamic pathways medial,phpm,1274,0,0,NaN
787,182,propriohypothalamic pathways ventral,phpv,1275,0,0,NaN
150,824,periventricular bundle of the hypothalamus,pvbh,1276,0,0,NaN
46,824,mammillary related,mfbsma,1277,0.206416,6498,31480.117820324
753,46,principal mammillary tract,pm,1278,0.023568,418,17735.9131025119
690,46,mammillothalamic tract,mtt,1279,0.11752,3769,32071.136827774
681,46,mammillotegmental tract,mtg,1280,0.035048,1244,35494.1794110934
673,46,mammillary peduncle,mp,1281,0.03028,1067,35237.7807133421
1068,824,dorsal thalamus related,mfbst,1282,0,0,NaN
722,1068,periventricular bundle of the thalamus,pvbt,1283,0,0,NaN
1083,824,epithalamus related,mfbse,1284,0.563744,20642,36615.9107680082
802,1083,stria medullaris,sm,1285,0.298632,11370,38073.6156875352
595,1083,fasciculus retroflexus,fr,1286,0.222304,8204,36904.4191737441
611,1083,habenular commissure,hbc,1287,0.042808,1068,24948.6077368716
730,1083,pineal stalk,PIS,1288,0,0,NaN
70,824,midbrain related,mfbsm,1289,0,0,NaN
547,70,dorsal longitudinal fascicle,dlf,1290,0,0,NaN
563,70,dorsal tegmental tract,dtt,1291,0,0,NaN
73,997,ventricular systems,VS,1292,4.173784,90166,21602.9387241889
81,73,lateral ventricle,VL,1293,2.360344,55229,23398.7079849378
89,81,rhinocele,RC,1294,0,0,NaN
98,81,subependymal zone,SEZ,1295,0.02424,538,22194.7194719472
108,81,choroid plexus,chpl,1296,0.776624,16605,21381.0029048806
116,81,choroid fissure,chfl,1297,0,0,NaN
124,73,interventricular foramen,IVF,1298,0,0,NaN
129,73,third ventricle,V3,1299,0.883392,20040,22685.2858074332
140,73,cerebral aqueduct,AQ,1300,0.2768,2008,7254.33526011561
145,73,fourth ventricle,V4,1301,0.653248,12889,19730.6382874498
153,145,lateral recess,V4r,1302,0.244168,3469,14207.4309491825
164,73,central canal spinal cord/medulla,c,1303,0,0,NaN
1024,997,grooves,grv,1304,0,0,NaN
1032,1024,grooves of the cerebral cortex,grv of CTX,1305,0,0,NaN
1055,1032,endorhinal groove,eg,1306,0,0,NaN
1063,1032,hippocampal fissure,hf,1307,0,0,NaN
1071,1032,rhinal fissure,rf,1308,0,0,NaN
1078,1032,rhinal incisure,ri,1309,0,0,NaN
1040,1024,grooves of the cerebellar cortex,grv of CBX,1310,0,0,NaN
1087,1040,precentral fissure,pce,1311,0,0,NaN
1095,1040,preculminate fissure,pcf,1312,0,0,NaN
1103,1040,primary fissure,pri,1313,0,0,NaN
1112,1040,posterior superior fissure,psf,1314,0,0,NaN
1119,1040,prepyramidal fissure,ppf,1315,0,0,NaN
3,1040,secondary fissure,sec,1316,0,0,NaN
11,1040,posterolateral fissure,plf,1317,0,0,NaN
18,1040,nodular fissure,nf,1318,0,0,NaN
25,1040,simple fissure,sif,1319,0,0,NaN
34,1040,intercrural fissure,icf,1320,0,0,NaN
43,1040,ansoparamedian fissure,apf,1321,0,0,NaN
49,1040,intraparafloccular fissure,ipf,1322,0,0,NaN
57,1040,paramedian sulcus,pms,1323,0,0,NaN
65,1040,parafloccular sulcus,pfs,1324,0,0,NaN
624,1024,Interpeduncular fossa,IPF,1325,0,0,NaN
20121,997,retina,retina,1326,0,0,NaN
